"sample_id","biosample","sample_name","sra","organism","collection_date","geographic_location","tissue","collected_by","isolate","isolation_source","lat_long","lat","lon","accession","id"
"1: PL8","SAMN30219899","AWJG03H12","SRS14596090","Haliotis rufescens","2021-05-18","USA:California","epipodial","Ian Taniguchi","Haliotis_rufescens_AWJG03H12","Point Loma","32.67363333 N 117.24614722 W",32.67363333,-117.24614722,"SAMN30219899","30219899"
"SF99-36-4","SAMN30219898","AWJG03G12","SRS14596089","Haliotis rufescens","1999-10-22","USA:California","epipodial","SHL, BML","Haliotis_rufescens_AWJG03G12","Trinidad","41.05053333 N 124.15049166 W",41.05053333,-124.15049166,"SAMN30219898","30219898"
"SF07-7-8","SAMN30219897","AWJG03E12","SRS14596088","Haliotis rufescens","2007-08-06","USA:California","epipodial","SHL, BML","Haliotis_rufescens_AWJG03E12","Timber Cove","38.530525 N 123.27260555 W",38.530525,-123.27260555,"SAMN30219897","30219897"
"SF07-3-12","SAMN30219896","AWJG03D12","SRS14596087","Haliotis rufescens","2007-02-05","USA:California","epipodial","SHL, BML","Haliotis_rufescens_AWJG03D12","VanDamme","39.26975833 N 123.79865833 W",39.26975833,-123.79865833,"SAMN30219896","30219896"
"PO2147","SAMN30219895","AWJG03C12","SRS14596086","Haliotis rufescens","2021-06-17","USA:Oregon","epipodial","ODFW","Haliotis_rufescens_AWJG03C12","Port Orford, Nellie's Cove","42.4414 N 124.3025 W",42.4414,-124.3025,"SAMN30219895","30219895"
"HC2121","SAMN30219894","AWJG03B12","SRS14596085","Haliotis rufescens","2021-05-28","USA:Oregon","epipodial","ODFW","Haliotis_rufescens_AWJG03B12","Brookings, Hooskanaden Creek","42.2217 N 124.3813 W",42.2217,-124.3813,"SAMN30219894","30219894"
"H13","SAMN30219893","AWJG03A12","SRS14596084","Haliotis rufescens","2011-02-02","USA:California","epipodial","De Wit/Lee/Leary","Haliotis_rufescens_AWJG03A12","Hopkins (Monterey)","36.62073333 N 121.90196666 W",36.62073333,-121.90196666,"SAMN30219893","30219893"
"SF11-27-9","SAMN30219892","AWJG03G11","SRS14596010","Haliotis rufescens","2011-08-15","USA:California","epipodial","SHL, BML","Haliotis_rufescens_AWJG03G11","Salt Point","38.563975 N 123.33383888 W",38.563975,-123.33383888,"SAMN30219892","30219892"
"SF07-3-17","SAMN30219891","AWJG03F11","SRS14596009","Haliotis rufescens","2007-02-05","USA:California","epipodial","SHL, BML","Haliotis_rufescens_AWJG03F11","VanDamme","39.26975833 N 123.79865833 W",39.26975833,-123.79865833,"SAMN30219891","30219891"
"RR2101","SAMN30219890","AWJG03E11","SRS14596008","Haliotis rufescens","2021-05-21","USA:Oregon","epipodial","ODFW","Haliotis_rufescens_AWJG03E11","Rogue Reef, Gold Beach","42.2638 N 124.2802 W",42.2638,-124.2802,"SAMN30219890","30219890"
"SJ 7","SAMN30219889","AWJG03D11","SRS14596007","Haliotis rufescens","2016","Mexico:Baja California","epipodial","Fabiola Lafarga","Haliotis_rufescens_AWJG03D11","Punta San Jose","31.46263611 N 116.59057777 W",31.46263611,-116.59057777,"SAMN30219889","30219889"
"ST4","SAMN30219888","AWJG03C11","SRS14596006","Haliotis rufescens","2014","Mexico:Baja California","epipodial","Fabiola Lafarga","Haliotis_rufescens_AWJG03C11","Santo Tomas","31.54910277 N 116.68323611 W",31.54910277,-116.68323611,"SAMN30219888","30219888"
"PO2145","SAMN30219887","AWJG03B11","SRS14596005","Haliotis rufescens","2021-06-17","USA:Oregon","epipodial","ODFW","Haliotis_rufescens_AWJG03B11","Port Orford, Nellie's Cove","42.4414 N 124.3025 W",42.4414,-124.3025,"SAMN30219887","30219887"
"LR2116","SAMN30219886","AWJG03A11","SRS14596004","Haliotis rufescens","2021-05-26","USA:Oregon","epipodial","ODFW","Haliotis_rufescens_AWJG03A11","Brookings, Lone Ranch","42.0558 N 124.2057 W",42.0558,-124.2057,"SAMN30219886","30219886"
"SJ 6","SAMN30219885","AWJG03G10",NA,"Haliotis rufescens","2016","Mexico:Baja California","epipodial","Fabiola Lafarga","Haliotis_rufescens_AWJG03G10","Punta San Jose","31.46263611 N 116.59057777 W",31.46263611,-116.59057777,"SAMN30219885","30219885"
"SF98-33-2","SAMN30219884","AWJG03F10","SRS14596003","Haliotis rufescens","1998-12-18","USA:California","epipodial","SHL, BML","Haliotis_rufescens_AWJG03F10","Shelter Cover","40.02043888 N 124.06986666 W",40.02043888,-124.06986666,"SAMN30219884","30219884"
"DCHR010","SAMN30219883","AWJG03E10","SRS14596002","Haliotis rufescens","2021-05-06","USA:California","epipodial","Andrew Harmer","Haliotis_rufescens_AWJG03E10","Morro Bay, Diablo Cove","35.21 N 120.8573 W",35.21,-120.8573,"SAMN30219883","30219883"
"SF11-27-8","SAMN30219882","AWJG03D10","SRS14596001","Haliotis rufescens","2011-08-15","USA:California","epipodial","SHL, BML","Haliotis_rufescens_AWJG03D10","Salt Point","38.563975 N 123.33383888 W",38.563975,-123.33383888,"SAMN30219882","30219882"
"ST3","SAMN30219881","AWJG03C10","SRS14595999","Haliotis rufescens","2014","Mexico:Baja California","epipodial","Fabiola Lafarga","Haliotis_rufescens_AWJG03C10","Santo Tomas","31.54910277 N 116.68323611 W",31.54910277,-116.68323611,"SAMN30219881","30219881"
"HC2123","SAMN30219880","AWJG03B10","SRS14595998","Haliotis rufescens","2021-05-28","USA:Oregon","epipodial","ODFW","Haliotis_rufescens_AWJG03B10","Brookings, Hooskanaden Creek","42.2217 N 124.3813 W",42.2217,-124.3813,"SAMN30219880","30219880"
"ST 16","SAMN30219879","AWJG03A10","SRS14595997","Haliotis rufescens","2014","Mexico:Baja California","epipodial","Fabiola Lafarga","Haliotis_rufescens_AWJG03A10","Santo Tomas","31.54910277 N 116.68323611 W",31.54910277,-116.68323611,"SAMN30219879","30219879"
"SJ 5","SAMN30219878","AWJG03G09","SRS14595996","Haliotis rufescens","2016","Mexico:Baja California","epipodial","Fabiola Lafarga","Haliotis_rufescens_AWJG03G09","Punta San Jose","31.46263611 N 116.59057777 W",31.46263611,-116.59057777,"SAMN30219878","30219878"
"SF98-33-1","SAMN30219877","AWJG03F09","SRS14595995","Haliotis rufescens","1998-12-18","USA:California","epipodial","SHL, BML","Haliotis_rufescens_AWJG03F09","Shelter Cover","40.02043888 N 124.06986666 W",40.02043888,-124.06986666,"SAMN30219877","30219877"
"DCHR009","SAMN30219876","AWJG03E09","SRS14595994","Haliotis rufescens","2021-05-06","USA:California","epipodial","Andrew Harmer","Haliotis_rufescens_AWJG03E09","Morro Bay, Diablo Cove","35.21 N 120.8573 W",35.21,-120.8573,"SAMN30219876","30219876"
"SF11-27-7","SAMN30219875","AWJG03D09","SRS14595993","Haliotis rufescens","2011-08-15","USA:California","epipodial","SHL, BML","Haliotis_rufescens_AWJG03D09","Salt Point","38.563975 N 123.33383888 W",38.563975,-123.33383888,"SAMN30219875","30219875"
"CH2120","SAMN30219874","AWJG03C09","SRS14595992","Haliotis rufescens","2021-05-26","USA:Oregon","epipodial","ODFW","Haliotis_rufescens_AWJG03C09","Charleston, South Cove","43.34013888 N 124.37816111 W",43.34013888,-124.37816111,"SAMN30219874","30219874"
"HC2122","SAMN30219873","AWJG03B09","SRS14595991","Haliotis rufescens","2021-05-28","USA:Oregon","epipodial","ODFW","Haliotis_rufescens_AWJG03B09","Brookings, Hooskanaden Creek","42.2217 N 124.3813 W",42.2217,-124.3813,"SAMN30219873","30219873"
"SF07-32-10","SAMN30219872","AWJG03A09","SRS14595990","Haliotis rufescens","2007-08-25","USA:California","epipodial","SHL, BML","Haliotis_rufescens_AWJG03A09","San Miguel Isle","34.05266111 N 120.34653611 W",34.05266111,-120.34653611,"SAMN30219872","30219872"
"SF14-34-7","SAMN30219871","AWJG03G08","SRS14595988","Haliotis rufescens","2014-06-15","USA:California","epipodial","SHL, BML","Haliotis_rufescens_AWJG03G08","Muniz Ranch","38.45571944 N 123.14509722 W",38.45571944,-123.14509722,"SAMN30219871","30219871"
"SF14-34-4","SAMN30219870","AWJG03F08","SRS14595987","Haliotis rufescens","2014-06-15","USA:California","epipodial","SHL, BML","Haliotis_rufescens_AWJG03F08","Muniz Ranch","38.45571944 N 123.14509722 W",38.45571944,-123.14509722,"SAMN30219870","30219870"
"SF14-34-3","SAMN30219869","AWJG03E08","SRS14595921","Haliotis rufescens","2014-06-15","USA:California","epipodial","SHL, BML","Haliotis_rufescens_AWJG03E08","Muniz Ranch","38.45571944 N 123.14509722 W",38.45571944,-123.14509722,"SAMN30219869","30219869"
"SF07-25-8","SAMN30219868","AWJG03D08","SRS14595920","Haliotis rufescens","2007-07-18","USA:California","epipodial","SHL, BML","Haliotis_rufescens_AWJG03D08","Farallones Island","37.70085833 N 122.99649166 W",37.70085833,-122.99649166,"SAMN30219868","30219868"
"SF03-19-1","SAMN30219867","AWJG03C08","SRS14595919","Haliotis rufescens","2003-04-30","USA:California","epipodial","SHL, BML","Haliotis_rufescens_AWJG03C08","Point Reyes","37.98801666 N 122.96269722 W",37.98801666,-122.96269722,"SAMN30219867","30219867"
"PL1","SAMN30219866","AWJG03B08","SRS14595918","Haliotis rufescens","2021-05-18","USA:California","epipodial","Ian Taniguchi","Haliotis_rufescens_AWJG03B08","Point Loma","32.67363333 N 117.24614722 W",32.67363333,-117.24614722,"SAMN30219866","30219866"
"SF10-15-5","SAMN30219865","AWJG03A08","SRS14595917","Haliotis rufescens","2010-05-14","USA:California","epipodial","SHL, BML","Haliotis_rufescens_AWJG03A08","Bodega Bay","38.31356666 N 123.07554722 W",38.31356666,-123.07554722,"SAMN30219865","30219865"
"PL7","SAMN30219864","AWJG03H07","SRS14595916","Haliotis rufescens","2021-05-18","USA:California","epipodial","Ian Taniguchi","Haliotis_rufescens_AWJG03H07","Point Loma","32.67363333 N 117.24614722 W",32.67363333,-117.24614722,"SAMN30219864","30219864"
"SF99-36-3","SAMN30219863","AWJG03G07","SRS14595915","Haliotis rufescens","1999-10-22","USA:California","epipodial","SHL, BML","Haliotis_rufescens_AWJG03G07","Trinidad","41.05053333 N 124.15049166 W",41.05053333,-124.15049166,"SAMN30219863","30219863"
"SF99-38-1","SAMN30219862","AWJG03F07","SRS14595914","Haliotis rufescens","1999-10-27","USA:California","epipodial","SHL, BML","Haliotis_rufescens_AWJG03F07","House Cove","39.36008333 N 123.82366666 W",39.36008333,-123.82366666,"SAMN30219862","30219862"
"SF07-7-7","SAMN30219861","AWJG03E07","SRS14595912","Haliotis rufescens","2007-08-06","USA:California","epipodial","SHL, BML","Haliotis_rufescens_AWJG03E07","Timber Cove","38.530525 N 123.27260555 W",38.530525,-123.27260555,"SAMN30219861","30219861"
"SF07-3-11","SAMN30219860","AWJG03D07","SRS14595911","Haliotis rufescens","2007-02-05","USA:California","epipodial","SHL, BML","Haliotis_rufescens_AWJG03D07","VanDamme","39.26975833 N 123.79865833 W",39.26975833,-123.79865833,"SAMN30219860","30219860"
"PO2146","SAMN30219859","AWJG03C07","SRS14595910","Haliotis rufescens","2021-06-17","USA:Oregon","epipodial","ODFW","Haliotis_rufescens_AWJG03C07","Port Orford, Nellie's Cove","42.4414 N 124.3025 W",42.4414,-124.3025,"SAMN30219859","30219859"
"LR2117","SAMN30219858","AWJG03B07","SRS14595909","Haliotis rufescens","2021-05-26","USA:Oregon","epipodial","ODFW","Haliotis_rufescens_AWJG03B07","Brookings, Lone Ranch","42.0558 N 124.2057 W",42.0558,-124.2057,"SAMN30219858","30219858"
"H12","SAMN30219857","AWJG03A07","SRS14595908","Haliotis rufescens","2011-02-02","USA:California","epipodial","De Wit/Lee/Leary","Haliotis_rufescens_AWJG03A07","Hopkins (Monterey)","36.62073333 N 121.90196666 W",36.62073333,-121.90196666,"SAMN30219857","30219857"
"SF99-36-14","SAMN30219856","AWJG03G06","SRS14595907","Haliotis rufescens","1999-10-22","USA:California","epipodial","SHL, BML","Haliotis_rufescens_AWJG03G06","Trinidad","41.05053333 N 124.15049166 W",41.05053333,-124.15049166,"SAMN30219856","30219856"
"PL11","SAMN30219855","AWJG03F06","SRS14595906","Haliotis rufescens","2021-05-18","USA:California","epipodial","Ian Taniguchi","Haliotis_rufescens_AWJG03F06","Point Loma","32.67363333 N 117.24614722 W",32.67363333,-117.24614722,"SAMN30219855","30219855"
"LR2115","SAMN30219854","AWJG03E06","SRS14595905","Haliotis rufescens","2021-05-26","USA:Oregon","epipodial","ODFW","Haliotis_rufescens_AWJG03E06","Brookings, Lone Ranch","42.0558 N 124.2057 W",42.0558,-124.2057,"SAMN30219854","30219854"
"ST 15","SAMN30219853","AWJG03D06","SRS14595904","Haliotis rufescens","2014","Mexico:Baja California","epipodial","Fabiola Lafarga","Haliotis_rufescens_AWJG03D06","Santo Tomas","31.54910277 N 116.68323611 W",31.54910277,-116.68323611,"SAMN30219853","30219853"
"DCHR011","SAMN30219852","AWJG03C06","SRS14595903","Haliotis rufescens","2021-05-06","USA:California","epipodial","Andrew Harmer","Haliotis_rufescens_AWJG03C06","Morro Bay, Diablo Cove","35.21 N 120.8573 W",35.21,-120.8573,"SAMN30219852","30219852"
"SF03-19-12","SAMN30219851","AWJG03B06","SRS14595901","Haliotis rufescens","2003-04-30","USA:California","epipodial","SHL, BML","Haliotis_rufescens_AWJG03B06","Point Reyes","37.98801666 N 122.96269722 W",37.98801666,-122.96269722,"SAMN30219851","30219851"
"SF07-7-11","SAMN30219850","AWJG03A06","SRS14595900","Haliotis rufescens","2007-08-06","USA:California","epipodial","SHL, BML","Haliotis_rufescens_AWJG03A06","Timber Cove","38.530525 N 123.27260555 W",38.530525,-123.27260555,"SAMN30219850","30219850"
"SF98-33-6","SAMN30219849","AWJG03H05","SRS14595899","Haliotis rufescens","1998-12-18","USA:California","epipodial","SHL, BML","Haliotis_rufescens_AWJG03H05","Shelter Cover","40.02043888 N 124.06986666 W",40.02043888,-124.06986666,"SAMN30219849","30219849"
"SF99-36-13","SAMN30219848","AWJG03G05","SRS14595898","Haliotis rufescens","1999-10-22","USA:California","epipodial","SHL, BML","Haliotis_rufescens_AWJG03G05","Trinidad","41.05053333 N 124.15049166 W",41.05053333,-124.15049166,"SAMN30219848","30219848"
"CH2119","SAMN30219847","AWJG03F05","SRS14596058","Haliotis rufescens","2021-05-26","USA:Oregon","epipodial","ODFW","Haliotis_rufescens_AWJG03F05","Charleston, South Cove","43.34013888 N 124.37816111 W",43.34013888,-124.37816111,"SAMN30219847","30219847"
"LR2114","SAMN30219846","AWJG03E05","SRS14596057","Haliotis rufescens","2021-05-26","USA:Oregon","epipodial","ODFW","Haliotis_rufescens_AWJG03E05","Brookings, Lone Ranch","42.0558 N 124.2057 W",42.0558,-124.2057,"SAMN30219846","30219846"
"ST 14","SAMN30219845","AWJG03D05","SRS14596056","Haliotis rufescens","2014","Mexico:Baja California","epipodial","Fabiola Lafarga","Haliotis_rufescens_AWJG03D05","Santo Tomas","31.54910277 N 116.68323611 W",31.54910277,-116.68323611,"SAMN30219845","30219845"
"H11","SAMN30219844","AWJG03C05","SRS14596055","Haliotis rufescens","2011-02-02","USA:California","epipodial","De Wit/Barshis/Sommer","Haliotis_rufescens_AWJG03C05","Hopkins (Monterey)","36.62073333 N 121.90196666 W",36.62073333,-121.90196666,"SAMN30219844","30219844"
"SF03-19-11","SAMN30219843","AWJG03B05","SRS14596054","Haliotis rufescens","2003-04-30","USA:California","epipodial","SHL, BML","Haliotis_rufescens_AWJG03B05","Point Reyes","37.98801666 N 122.96269722 W",37.98801666,-122.96269722,"SAMN30219843","30219843"
"SF11-27-14","SAMN30219842","AWJG03A05","SRS14596053","Haliotis rufescens","2011-08-15","USA:California","epipodial","SHL, BML","Haliotis_rufescens_AWJG03A05","Salt Point","38.563975 N 123.33383888 W",38.563975,-123.33383888,"SAMN30219842","30219842"
"SF98-33-5","SAMN30219841","AWJG03H04","SRS14596050","Haliotis rufescens","1998-12-18","USA:California","epipodial","SHL, BML","Haliotis_rufescens_AWJG03H04","Shelter Cover","40.02043888 N 124.06986666 W",40.02043888,-124.06986666,"SAMN30219841","30219841"
"SF99-23-15","SAMN30219840","AWJG03G04","SRS14596049","Haliotis rufescens","1999-08-20","USA:California","epipodial","SHL, BML","Haliotis_rufescens_AWJG03G04","Crescent City","41.74355833 N 124.20152777 W",41.74355833,-124.20152777,"SAMN30219840","30219840"
"PO2143","SAMN30219839","AWJG03F04","SRS14596048","Haliotis rufescens","2021-06-17","USA:Oregon","epipodial","ODFW","Haliotis_rufescens_AWJG03F04","Port Orford, Nellie's Cove","42.4414 N 124.3025 W",42.4414,-124.3025,"SAMN30219839","30219839"
"LR2113","SAMN30219838","AWJG03E04","SRS14596047","Haliotis rufescens","2021-05-26","USA:Oregon","epipodial","ODFW","Haliotis_rufescens_AWJG03E04","Brookings, Lone Ranch","42.0558 N 124.2057 W",42.0558,-124.2057,"SAMN30219838","30219838"
"SF07-32-12","SAMN30219837","AWJG03D04","SRS14596046","Haliotis rufescens","2007-08-25","USA:California","epipodial","SHL, BML","Haliotis_rufescens_AWJG03D04","San Miguel Isle","34.05266111 N 120.34653611 W",34.05266111,-120.34653611,"SAMN30219837","30219837"
"H10","SAMN30219836","AWJG03C04","SRS14596045","Haliotis rufescens","2011-02-02","USA:California","epipodial","De Wit/Barshis/Sommer","Haliotis_rufescens_AWJG03C04","Hopkins (Monterey)","36.62073333 N 121.90196666 W",36.62073333,-121.90196666,"SAMN30219836","30219836"
"SF10-15-12","SAMN30219835","AWJG03B04","SRS14596044","Haliotis rufescens","2010-05-14","USA:California","epipodial","SHL, BML","Haliotis_rufescens_AWJG03B04","Bodega Bay","38.31356666 N 123.07554722 W",38.31356666,-123.07554722,"SAMN30219835","30219835"
"SF11-27-13","SAMN30219834","AWJG03A04","SRS14596043","Haliotis rufescens","2011-08-15","USA:California","epipodial","SHL, BML","Haliotis_rufescens_AWJG03A04","Salt Point","38.563975 N 123.33383888 W",38.563975,-123.33383888,"SAMN30219834","30219834"
"SF99-38-14","SAMN30219833","AWJG03H03","SRS14596042","Haliotis rufescens","1999-10-27","USA:California","epipodial","SHL, BML","Haliotis_rufescens_AWJG03H03","House Cove","39.36008333 N 123.82366666 W",39.36008333,-123.82366666,"SAMN30219833","30219833"
"SF99-23-14","SAMN30219832","AWJG03G03","SRS14596041","Haliotis rufescens","1999-08-20","USA:California","epipodial","SHL, BML","Haliotis_rufescens_AWJG03G03","Crescent City","41.74355833 N 124.20152777 W",41.74355833,-124.20152777,"SAMN30219832","30219832"
"PO2142","SAMN30219831","AWJG03F03","SRS14596039","Haliotis rufescens","2021-06-17","USA:Oregon","epipodial","ODFW","Haliotis_rufescens_AWJG03F03","Port Orford, Nellie's Cove","42.4414 N 124.3025 W",42.4414,-124.3025,"SAMN30219831","30219831"
"LR2112","SAMN30219830","AWJG03E03","SRS14596038","Haliotis rufescens","2021-05-26","USA:Oregon","epipodial","ODFW","Haliotis_rufescens_AWJG03E03","Brookings, Lone Ranch","42.0558 N 124.2057 W",42.0558,-124.2057,"SAMN30219830","30219830"
"SF07-32-11","SAMN30219829","AWJG03D03","SRS14596037","Haliotis rufescens","2007-08-25","USA:California","epipodial","SHL, BML","Haliotis_rufescens_AWJG03D03","San Miguel Isle","34.05266111 N 120.34653611 W",34.05266111,-120.34653611,"SAMN30219829","30219829"
"SF07-25-12","SAMN30219828","AWJG03C03","SRS14596036","Haliotis rufescens","2007-07-18","USA:California","epipodial","SHL, BML","Haliotis_rufescens_AWJG03C03","Farallones Island","37.70085833 N 122.99649166 W",37.70085833,-122.99649166,"SAMN30219828","30219828"
"SF10-15-11","SAMN30219827","AWJG03B03","SRS14596035","Haliotis rufescens","2010-05-14","USA:California","epipodial","SHL, BML","Haliotis_rufescens_AWJG03B03","Bodega Bay","38.31356666 N 123.07554722 W",38.31356666,-123.07554722,"SAMN30219827","30219827"
"SF07-3-20","SAMN30219826","AWJG03A03","SRS14595986","Haliotis rufescens","2007-02-05","USA:California","epipodial","SHL, BML","Haliotis_rufescens_AWJG03A03","VanDamme","39.26975833 N 123.79865833 W",39.26975833,-123.79865833,"SAMN30219826","30219826"
"SF99-38-13","SAMN30219825","AWJG03H02","SRS14595985","Haliotis rufescens","1999-10-27","USA:California","epipodial","SHL, BML","Haliotis_rufescens_AWJG03H02","House Cove","39.36008333 N 123.82366666 W",39.36008333,-123.82366666,"SAMN30219825","30219825"
"PL12","SAMN30219824","AWJG03G02","SRS14595984","Haliotis rufescens","2021-05-18","USA:California","epipodial","Ian Taniguchi","Haliotis_rufescens_AWJG03G02","Point Loma","32.67363333 N 117.24614722 W",32.67363333,-117.24614722,"SAMN30219824","30219824"
"PO2141","SAMN30219823","AWJG03F02","SRS14595983","Haliotis rufescens","2021-06-17","USA:Oregon","epipodial","ODFW","Haliotis_rufescens_AWJG03F02","Port Orford, Nellie's Cove","42.4414 N 124.3025 W",42.4414,-124.3025,"SAMN30219823","30219823"
"LR2111","SAMN30219822","AWJG03E02","SRS14595982","Haliotis rufescens","2021-05-26","USA:Oregon","epipodial","ODFW","Haliotis_rufescens_AWJG03E02","Brookings, Lone Ranch","42.0558 N 124.2057 W",42.0558,-124.2057,"SAMN30219822","30219822"
"DCHR012","SAMN30219821","AWJG03D02","SRS14595980","Haliotis rufescens","2021-05-06","USA:California","epipodial","Andrew Harmer","Haliotis_rufescens_AWJG03D02","Morro Bay, Diablo Cove","35.21 N 120.8573 W",35.21,-120.8573,"SAMN30219821","30219821"
"SF07-25-11","SAMN30219820","AWJG03C02","SRS14595979","Haliotis rufescens","2007-07-18","USA:California","epipodial","SHL, BML","Haliotis_rufescens_AWJG03C02","Farallones Island","37.70085833 N 122.99649166 W",37.70085833,-122.99649166,"SAMN30219820","30219820"
"SF07-7-12","SAMN30219819","AWJG03B02","SRS14595978","Haliotis rufescens","2007-08-06","USA:California","epipodial","SHL, BML","Haliotis_rufescens_AWJG03B02","Timber Cove","38.530525 N 123.27260555 W",38.530525,-123.27260555,"SAMN30219819","30219819"
"SF07-3-19","SAMN30219818","AWJG03A02","SRS14595977","Haliotis rufescens","2007-02-05","USA:California","epipodial","SHL, BML","Haliotis_rufescens_AWJG03A02","VanDamme","39.26975833 N 123.79865833 W",39.26975833,-123.79865833,"SAMN30219818","30219818"
"SF98-33-10","SAMN30219817","AWJG03H01","SRS14595976","Haliotis rufescens","1998-12-18","USA:California","epipodial","SHL, BML","Haliotis_rufescens_AWJG03H01","Shelter Cover","40.02043888 N 124.06986666 W",40.02043888,-124.06986666,"SAMN30219817","30219817"
"SF99-23-12","SAMN30219816","AWJG03G01","SRS14595975","Haliotis rufescens","1999-08-20","USA:California","epipodial","SHL, BML","Haliotis_rufescens_AWJG03G01","Crescent City","41.74355833 N 124.20152777 W",41.74355833,-124.20152777,"SAMN30219816","30219816"
"PO2135","SAMN30219815","AWJG03F01","SRS14595974","Haliotis rufescens","2021-06-17","USA:Oregon","epipodial","ODFW","Haliotis_rufescens_AWJG03F01","Port Orford, Nellie's Cove","42.4414 N 124.3025 W",42.4414,-124.3025,"SAMN30219815","30219815"
"LR2107","SAMN30219814","AWJG03E01","SRS14595973","Haliotis rufescens","2021-05-26","USA:Oregon","epipodial","ODFW","Haliotis_rufescens_AWJG03E01","Brookings, Lone Ranch","42.0558 N 124.2057 W",42.0558,-124.2057,"SAMN30219814","30219814"
"ST 12","SAMN30219813","AWJG03D01","SRS14595972","Haliotis rufescens","2014","Mexico:Baja California","epipodial","Fabiola Lafarga","Haliotis_rufescens_AWJG03D01","Santo Tomas","31.54910277 N 116.68323611 W",31.54910277,-116.68323611,"SAMN30219813","30219813"
"SF07-7-9","SAMN30219812","AWJG03A01","SRS14595971","Haliotis rufescens","2007-08-06","USA:California","epipodial","SHL, BML","Haliotis_rufescens_AWJG03A01","Timber Cove","38.530525 N 123.27260555 W",38.530525,-123.27260555,"SAMN30219812","30219812"
"SF98-33-9","SAMN30219811","AWJG02H12","SRS14595969","Haliotis rufescens","1998-12-18","USA:California","epipodial","SHL, BML","Haliotis_rufescens_AWJG02H12","Shelter Cover","40.02043888 N 124.06986666 W",40.02043888,-124.06986666,"SAMN30219811","30219811"
"PL10","SAMN30219810","AWJG02G12","SRS14595968","Haliotis rufescens","2021-05-18","USA:California","epipodial","Ian Taniguchi","Haliotis_rufescens_AWJG02G12","Point Loma","32.67363333 N 117.24614722 W",32.67363333,-117.24614722,"SAMN30219810","30219810"
"PO2134","SAMN30219809","AWJG02F12","SRS14595967","Haliotis rufescens","2021-06-17","USA:Oregon","epipodial","ODFW","Haliotis_rufescens_AWJG02F12","Port Orford, Nellie's Cove","42.4414 N 124.3025 W",42.4414,-124.3025,"SAMN30219809","30219809"
"LR2106","SAMN30219808","AWJG02E12","SRS14595966","Haliotis rufescens","2021-05-26","USA:Oregon","epipodial","ODFW","Haliotis_rufescens_AWJG02E12","Brookings, Lone Ranch","42.0558 N 124.2057 W",42.0558,-124.2057,"SAMN30219808","30219808"
"H8","SAMN30219807","AWJG02C12","SRS14595965","Haliotis rufescens","2011-02-02","USA:California","epipodial","De Wit/Barshis/Sommer","Haliotis_rufescens_AWJG02C12","Hopkins (Monterey)","36.62073333 N 121.90196666 W",36.62073333,-121.90196666,"SAMN30219807","30219807"
"SF10-15-10","SAMN30219806","AWJG02B12","SRS14595964","Haliotis rufescens","2010-05-14","USA:California","epipodial","SHL, BML","Haliotis_rufescens_AWJG02B12","Bodega Bay","38.31356666 N 123.07554722 W",38.31356666,-123.07554722,"SAMN30219806","30219806"
"SF11-27-12","SAMN30219805","AWJG02A12","SRS14595963","Haliotis rufescens","2011-08-15","USA:California","epipodial","SHL, BML","Haliotis_rufescens_AWJG02A12","Salt Point","38.563975 N 123.33383888 W",38.563975,-123.33383888,"SAMN30219805","30219805"
"SF99-36-12","SAMN30219804","AWJG02H11","SRS14595897","Haliotis rufescens","1999-10-22","USA:California","epipodial","SHL, BML","Haliotis_rufescens_AWJG02H11","Trinidad","41.05053333 N 124.15049166 W",41.05053333,-124.15049166,"SAMN30219804","30219804"
"PL9","SAMN30219803","AWJG02G11","SRS14595896","Haliotis rufescens","2021-05-18","USA:California","epipodial","Ian Taniguchi","Haliotis_rufescens_AWJG02G11","Point Loma","32.67363333 N 117.24614722 W",32.67363333,-117.24614722,"SAMN30219803","30219803"
"LR2110","SAMN30219802","AWJG02F11","SRS14595895","Haliotis rufescens","2021-05-26","USA:Oregon","epipodial","ODFW","Haliotis_rufescens_AWJG02F11","Brookings, Lone Ranch","42.0558 N 124.2057 W",42.0558,-124.2057,"SAMN30219802","30219802"
"ENS 9","SAMN30219801","AWJG02E11","SRS14595893","Haliotis rufescens","2019/2020","Mexico:Baja California","epipodial","Fabiola Lafarga","Haliotis_rufescens_AWJG02E11","Ensenada","31.86674 N 116.59637 W",31.86674,-116.59637,"SAMN30219801","30219801"
"SF07-25-10","SAMN30219800","AWJG02C11","SRS14595892","Haliotis rufescens","2007-07-18","USA:California","epipodial","SHL, BML","Haliotis_rufescens_AWJG02C11","Farallones Island","37.70085833 N 122.99649166 W",37.70085833,-122.99649166,"SAMN30219800","30219800"
"SF10-15-9","SAMN30219799","AWJG02B11","SRS14595891","Haliotis rufescens","2010-05-14","USA:California","epipodial","SHL, BML","Haliotis_rufescens_AWJG02B11","Bodega Bay","38.31356666 N 123.07554722 W",38.31356666,-123.07554722,"SAMN30219799","30219799"
"SF11-27-11","SAMN30219798","AWJG02A11","SRS14595890","Haliotis rufescens","2011-08-15","USA:California","epipodial","SHL, BML","Haliotis_rufescens_AWJG02A11","Salt Point","38.563975 N 123.33383888 W",38.563975,-123.33383888,"SAMN30219798","30219798"
"SF99-36-11","SAMN30219797","AWJG02H10","SRS14595889","Haliotis rufescens","1999-10-22","USA:California","epipodial","SHL, BML","Haliotis_rufescens_AWJG02H10","Trinidad","41.05053333 N 124.15049166 W",41.05053333,-124.15049166,"SAMN30219797","30219797"
"CH2118","SAMN30219796","AWJG02G10","SRS14595888","Haliotis rufescens","2021-05-26","USA:Oregon","epipodial","ODFW","Haliotis_rufescens_AWJG02G10","Charleston, South Cove","43.34013888 N 124.37816111 W",43.34013888,-124.37816111,"SAMN30219796","30219796"
"LR2109","SAMN30219795","AWJG02F10","SRS14595887","Haliotis rufescens","2021-05-26","USA:Oregon","epipodial","ODFW","Haliotis_rufescens_AWJG02F10","Brookings, Lone Ranch","42.0558 N 124.2057 W",42.0558,-124.2057,"SAMN30219795","30219795"
"SJ 9","SAMN30219794","AWJG02E10","SRS14595886","Haliotis rufescens","2016","Mexico:Baja California","epipodial","Fabiola Lafarga","Haliotis_rufescens_AWJG02E10","Punta San Jose","31.46263611 N 116.59057777 W",31.46263611,-116.59057777,"SAMN30219794","30219794"
"SF07-25-9","SAMN30219793","AWJG02C10","SRS14595885","Haliotis rufescens","2007-07-18","USA:California","epipodial","SHL, BML","Haliotis_rufescens_AWJG02C10","Farallones Island","37.70085833 N 122.99649166 W",37.70085833,-122.99649166,"SAMN30219793","30219793"
"SF14-34-9","SAMN30219792","AWJG02B10","SRS14595884","Haliotis rufescens","2014-06-15","USA:California","epipodial","SHL, BML","Haliotis_rufescens_AWJG02B10","Muniz Ranch","38.45571944 N 123.14509722 W",38.45571944,-123.14509722,"SAMN30219792","30219792"
"SF99-23-13","SAMN30219791","AWJG02H09","SRS14595882","Haliotis rufescens","1999-08-20","USA:California","epipodial","SHL, BML","Haliotis_rufescens_AWJG02H09","Crescent City","41.74355833 N 124.20152777 W",41.74355833,-124.20152777,"SAMN30219791","30219791"
"PO2136","SAMN30219790","AWJG02G09","SRS14595881","Haliotis rufescens","2021-06-17","USA:Oregon","epipodial","ODFW","Haliotis_rufescens_AWJG02G09","Port Orford, Nellie's Cove","42.4414 N 124.3025 W",42.4414,-124.3025,"SAMN30219790","30219790"
"LR2108","SAMN30219789","AWJG02F09","SRS14595880","Haliotis rufescens","2021-05-26","USA:Oregon","epipodial","ODFW","Haliotis_rufescens_AWJG02F09","Brookings, Lone Ranch","42.0558 N 124.2057 W",42.0558,-124.2057,"SAMN30219789","30219789"
"ST 13","SAMN30219788","AWJG02E09","SRS14595879","Haliotis rufescens","2014","Mexico:Baja California","epipodial","Fabiola Lafarga","Haliotis_rufescens_AWJG02E09","Santo Tomas","31.54910277 N 116.68323611 W",31.54910277,-116.68323611,"SAMN30219788","30219788"
"SF99-38-11","SAMN30219787","AWJG02D09","SRS14595878","Haliotis rufescens","1999-10-27","USA:California","epipodial","SHL, BML","Haliotis_rufescens_AWJG02D09","House Cove","39.36008333 N 123.82366666 W",39.36008333,-123.82366666,"SAMN30219787","30219787"
"SF03-19-10","SAMN30219786","AWJG02C09","SRS14595877","Haliotis rufescens","2003-04-30","USA:California","epipodial","SHL, BML","Haliotis_rufescens_AWJG02C09","Point Reyes","37.98801666 N 122.96269722 W",37.98801666,-122.96269722,"SAMN30219786","30219786"
"SF07-7-10","SAMN30219785","AWJG02B09","SRS14595876","Haliotis rufescens","2007-08-06","USA:California","epipodial","SHL, BML","Haliotis_rufescens_AWJG02B09","Timber Cove","38.530525 N 123.27260555 W",38.530525,-123.27260555,"SAMN30219785","30219785"
"SF99-36-10","SAMN30219784","AWJG02H08","SRS14595875","Haliotis rufescens","1999-10-22","USA:California","epipodial","SHL, BML","Haliotis_rufescens_AWJG02H08","Trinidad","41.05053333 N 124.15049166 W",41.05053333,-124.15049166,"SAMN30219784","30219784"
"SF99-38-9","SAMN30219783","AWJG02G08","SRS14595874","Haliotis rufescens","1999-10-27","USA:California","epipodial","SHL, BML","Haliotis_rufescens_AWJG02G08","House Cove","39.36008333 N 123.82366666 W",39.36008333,-123.82366666,"SAMN30219783","30219783"
"SF09-6-12","SAMN30219782","AWJG02F08","SRS14595962","Haliotis rufescens","2008-03-29","USA:Oregon","epipodial","SHL, BML","Haliotis_rufescens_AWJG02F08","Brookings","42.04461111 N 124.28393611 W",42.04461111,-124.28393611,"SAMN30219782","30219782"
"ENS 8","SAMN30219781","AWJG02E08","SRS14595960","Haliotis rufescens","2019/2020","Mexico:Baja California","epipodial","Fabiola Lafarga","Haliotis_rufescens_AWJG02E08","Ensenada","31.86674 N 116.59637 W",31.86674,-116.59637,"SAMN30219781","30219781"
"SF07-32-8","SAMN30219780","AWJG02D08","SRS14595959","Haliotis rufescens","2007-08-25","USA:California","epipodial","SHL, BML","Haliotis_rufescens_AWJG02D08","San Miguel Isle","34.05266111 N 120.34653611 W",34.05266111,-120.34653611,"SAMN30219780","30219780"
"H5","SAMN30219779","AWJG02C08","SRS14595958","Haliotis rufescens","2011-02-02","USA:California","epipodial","De Wit/Barshis","Haliotis_rufescens_AWJG02C08","Hopkins (Monterey)","36.62073333 N 121.90196666 W",36.62073333,-121.90196666,"SAMN30219779","30219779"
"SF10-15-8","SAMN30219778","AWJG02B08","SRS14595957","Haliotis rufescens","2010-05-14","USA:California","epipodial","SHL, BML","Haliotis_rufescens_AWJG02B08","Bodega Bay","38.31356666 N 123.07554722 W",38.31356666,-123.07554722,"SAMN30219778","30219778"
"SF98-33-7","SAMN30219777","AWJG02A08","SRS14595956","Haliotis rufescens","1998-12-18","USA:California","epipodial","SHL, BML","Haliotis_rufescens_AWJG02A08","Shelter Cover","40.02043888 N 124.06986666 W",40.02043888,-124.06986666,"SAMN30219777","30219777"
"RR2104","SAMN30219776","AWJG02G07","SRS14595955","Haliotis rufescens","2021-05-21","USA:Oregon","epipodial","ODFW","Haliotis_rufescens_AWJG02G07","Rogue Reef, Gold Beach","42.2638 N 124.2802 W",42.2638,-124.2802,"SAMN30219776","30219776"
"SF09-6-11","SAMN30219775","AWJG02F07","SRS14595954","Haliotis rufescens","2008-03-29","USA:Oregon","epipodial","SHL, BML","Haliotis_rufescens_AWJG02F07","Brookings","42.04461111 N 124.28393611 W",42.04461111,-124.28393611,"SAMN30219775","30219775"
"SJ 8","SAMN30219774","AWJG02E07","SRS14595953","Haliotis rufescens","2016","Mexico:Baja California","epipodial","Fabiola Lafarga","Haliotis_rufescens_AWJG02E07","Punta San Jose","31.46263611 N 116.59057777 W",31.46263611,-116.59057777,"SAMN30219774","30219774"
"SF07-32-7","SAMN30219773","AWJG02D07","SRS14595952","Haliotis rufescens","2007-08-25","USA:California","epipodial","SHL, BML","Haliotis_rufescens_AWJG02D07","San Miguel Isle","34.05266111 N 120.34653611 W",34.05266111,-120.34653611,"SAMN30219773","30219773"
"SF07-7-3","SAMN30219772","AWJG02C07","SRS14595951","Haliotis rufescens","2007-08-06","USA:California","epipodial","SHL, BML","Haliotis_rufescens_AWJG02C07","Timber Cove","38.530525 N 123.27260555 W",38.530525,-123.27260555,"SAMN30219772","30219772"
"SF10-15-7","SAMN30219771","AWJG02B07","SRS14595949","Haliotis rufescens","2010-05-14","USA:California","epipodial","SHL, BML","Haliotis_rufescens_AWJG02B07","Bodega Bay","38.31356666 N 123.07554722 W",38.31356666,-123.07554722,"SAMN30219771","30219771"
"SF11-27-10","SAMN30219770","AWJG02A07","SRS14595948","Haliotis rufescens","2011-08-15","USA:California","epipodial","SHL, BML","Haliotis_rufescens_AWJG02A07","Salt Point","38.563975 N 123.33383888 W",38.563975,-123.33383888,"SAMN30219770","30219770"
"SF99-23-11","SAMN30219769","AWJG02H06",NA,"Haliotis rufescens","1999-08-20","USA:California","epipodial","SHL, BML","Haliotis_rufescens_AWJG02H06","Crescent City","41.74355833 N 124.20152777 W",41.74355833,-124.20152777,"SAMN30219769","30219769"
"PO2133","SAMN30219768","AWJG02G06","SRS14595947","Haliotis rufescens","2021-06-17","USA:Oregon","epipodial","ODFW","Haliotis_rufescens_AWJG02G06","Port Orford, Nellie's Cove","42.4414 N 124.3025 W",42.4414,-124.3025,"SAMN30219768","30219768"
"SF09-6-10","SAMN30219767","AWJG02F06","SRS14595946","Haliotis rufescens","2008-03-29","USA:Oregon","epipodial","SHL, BML","Haliotis_rufescens_AWJG02F06","Brookings","42.04461111 N 124.28393611 W",42.04461111,-124.28393611,"SAMN30219767","30219767"
"ST11","SAMN30219766","AWJG02E06","SRS14595945","Haliotis rufescens","2014","Mexico:Baja California","epipodial","Fabiola Lafarga","Haliotis_rufescens_AWJG02E06","Santo Tomas","31.54910277 N 116.68323611 W",31.54910277,-116.68323611,"SAMN30219766","30219766"
"DCHR008","SAMN30219765","AWJG02D06","SRS14595944","Haliotis rufescens","2021-05-06","USA:California","epipodial","Andrew Harmer","Haliotis_rufescens_AWJG02D06","Morro Bay, Diablo Cove","35.21 N 120.8573 W",35.21,-120.8573,"SAMN30219765","30219765"
"SF07-25-7","SAMN30219764","AWJG02C06","SRS14595943","Haliotis rufescens","2007-07-18","USA:California","epipodial","SHL, BML","Haliotis_rufescens_AWJG02C06","Farallones Island","37.70085833 N 122.99649166 W",37.70085833,-122.99649166,"SAMN30219764","30219764"
"SF14-34-8","SAMN30219763","AWJG02B06","SRS14595942","Haliotis rufescens","2014-06-15","USA:California","epipodial","SHL, BML","Haliotis_rufescens_AWJG02B06","Muniz Ranch","38.45571944 N 123.14509722 W",38.45571944,-123.14509722,"SAMN30219763","30219763"
"SF99-23-10","SAMN30219762","AWJG02H05","SRS14595941","Haliotis rufescens","1999-08-20","USA:California","epipodial","SHL, BML","Haliotis_rufescens_AWJG02H05","Crescent City","41.74355833 N 124.20152777 W",41.74355833,-124.20152777,"SAMN30219762","30219762"
"PO2132","SAMN30219761","AWJG02G05","SRS14595940","Haliotis rufescens","2021-06-17","USA:Oregon","epipodial","ODFW","Haliotis_rufescens_AWJG02G05","Port Orford, Nellie's Cove","42.4414 N 124.3025 W",42.4414,-124.3025,"SAMN30219761","30219761"
"SF09-6-9","SAMN30219760","AWJG02F05","SRS14595873","Haliotis rufescens","2008-03-29","USA:Oregon","epipodial","SHL, BML","Haliotis_rufescens_AWJG02F05","Brookings","42.04461111 N 124.28393611 W",42.04461111,-124.28393611,"SAMN30219760","30219760"
"ST7","SAMN30219759","AWJG02E05","SRS14595872","Haliotis rufescens","2014","Mexico:Baja California","epipodial","Fabiola Lafarga","Haliotis_rufescens_AWJG02E05","Santo Tomas","31.54910277 N 116.68323611 W",31.54910277,-116.68323611,"SAMN30219759","30219759"
"DCHR007","SAMN30219758","AWJG02D05","SRS14595871","Haliotis rufescens","2021-05-05","USA:California","epipodial","Andrew Harmer","Haliotis_rufescens_AWJG02D05","Morro Bay, Patton Cove","35.20272 N 120.85028 W",35.20272,-120.85028,"SAMN30219758","30219758"
"SF03-19-8","SAMN30219757","AWJG02C05","SRS14595870","Haliotis rufescens","2003-04-30","USA:California","epipodial","SHL, BML","Haliotis_rufescens_AWJG02C05","Point Reyes","37.98801666 N 122.96269722 W",37.98801666,-122.96269722,"SAMN30219757","30219757"
"H14","SAMN30219756","AWJG02B05","SRS14595869","Haliotis rufescens","2011-02-02","USA:California","epipodial","De Wit/Lee/Leary","Haliotis_rufescens_AWJG02B05","Hopkins (Monterey)","36.62073333 N 121.90196666 W",36.62073333,-121.90196666,"SAMN30219756","30219756"
"SF07-3-16","SAMN30219755","AWJG02A05","SRS14595868","Haliotis rufescens","2007-02-05","USA:California","epipodial","SHL, BML","Haliotis_rufescens_AWJG02A05","VanDamme","39.26975833 N 123.79865833 W",39.26975833,-123.79865833,"SAMN30219755","30219755"
"PO2131","SAMN30219754","AWJG02G04","SRS14595867","Haliotis rufescens","2021-06-17","USA:Oregon","epipodial","ODFW","Haliotis_rufescens_AWJG02G04","Port Orford, Nellie's Cove","42.4414 N 124.3025 W",42.4414,-124.3025,"SAMN30219754","30219754"
"SF09-6-8","SAMN30219753","AWJG02F04","SRS14595866","Haliotis rufescens","2008-03-29","USA:Oregon","epipodial","SHL, BML","Haliotis_rufescens_AWJG02F04","Brookings","42.04461111 N 124.28393611 W",42.04461111,-124.28393611,"SAMN30219753","30219753"
"SF99-04-4","SAMN30219752","AWJG02E04","SRS14595865","Haliotis rufescens","1999-02-17","USA:California","epipodial","SHL, BML","Haliotis_rufescens_AWJG02E04","San Pedro","33.70445 N 118.2946 W",33.70445,-118.2946,"SAMN30219752","30219752"
"H6","SAMN30219751","AWJG02D04","SRS14595864","Haliotis rufescens","2011-02-02","USA:California","epipodial","De Wit/Barshis","Haliotis_rufescens_AWJG02D04","Hopkins (Monterey)","36.62073333 N 121.90196666 W",36.62073333,-121.90196666,"SAMN30219751","30219751"
"SF98-33-8","SAMN30219750","AWJG02B04","SRS14595862","Haliotis rufescens","1998-12-18","USA:California","epipodial","SHL, BML","Haliotis_rufescens_AWJG02B04","Shelter Cover","40.02043888 N 124.06986666 W",40.02043888,-124.06986666,"SAMN30219750","30219750"
"SF07-3-15","SAMN30219749","AWJG02A04","SRS14595861","Haliotis rufescens","2007-02-05","USA:California","epipodial","SHL, BML","Haliotis_rufescens_AWJG02A04","VanDamme","39.26975833 N 123.79865833 W",39.26975833,-123.79865833,"SAMN30219749","30219749"
"SF99-23-9","SAMN30219748","AWJG02G03","SRS14595860","Haliotis rufescens","1999-08-20","USA:California","epipodial","SHL, BML","Haliotis_rufescens_AWJG02G03","Crescent City","41.74355833 N 124.20152777 W",41.74355833,-124.20152777,"SAMN30219748","30219748"
"PO2127","SAMN30219747","AWJG02F03","SRS14595859","Haliotis rufescens","2021-06-17","USA:Oregon","epipodial","ODFW","Haliotis_rufescens_AWJG02F03","Port Orford, Nellie's Cove","42.4414 N 124.3025 W",42.4414,-124.3025,"SAMN30219747","30219747"
"SF09-6-3","SAMN30219746","AWJG02E03","SRS14595858","Haliotis rufescens","2008-03-29","USA:Oregon","epipodial","SHL, BML","Haliotis_rufescens_AWJG02E03","Brookings","42.04461111 N 124.28393611 W",42.04461111,-124.28393611,"SAMN30219746","30219746"
"SF07-32-6","SAMN30219745","AWJG02D03","SRS14595857","Haliotis rufescens","2007-08-25","USA:California","epipodial","SHL, BML","Haliotis_rufescens_AWJG02D03","San Miguel Isle","34.05266111 N 120.34653611 W",34.05266111,-120.34653611,"SAMN30219745","30219745"
"SF10-15-6","SAMN30219744","AWJG02B03","SRS14595856","Haliotis rufescens","2010-05-14","USA:California","epipodial","SHL, BML","Haliotis_rufescens_AWJG02B03","Bodega Bay","38.31356666 N 123.07554722 W",38.31356666,-123.07554722,"SAMN30219744","30219744"
"SF07-7-5","SAMN30219743","AWJG02A03","SRS14595855","Haliotis rufescens","2007-08-06","USA:California","epipodial","SHL, BML","Haliotis_rufescens_AWJG02A03","Timber Cove","38.530525 N 123.27260555 W",38.530525,-123.27260555,"SAMN30219743","30219743"
"SF99-36-8","SAMN30219742","AWJG02H02","SRS14595854","Haliotis rufescens","1999-10-22","USA:California","epipodial","SHL, BML","Haliotis_rufescens_AWJG02H02","Trinidad","41.05053333 N 124.15049166 W",41.05053333,-124.15049166,"SAMN30219742","30219742"
"SF99-23-8","SAMN30219741","AWJG02G02","SRS14595853","Haliotis rufescens","1999-08-20","USA:California","epipodial","SHL, BML","Haliotis_rufescens_AWJG02G02","Crescent City","41.74355833 N 124.20152777 W",41.74355833,-124.20152777,"SAMN30219741","30219741"
"SF09-6-7","SAMN30219740","AWJG02F02","SRS14595938","Haliotis rufescens","2008-03-29","USA:Oregon","epipodial","SHL, BML","Haliotis_rufescens_AWJG02F02","Brookings","42.04461111 N 124.28393611 W",42.04461111,-124.28393611,"SAMN30219740","30219740"
"ENS 3","SAMN30219739","AWJG02E02","SRS14595937","Haliotis rufescens","2019/2020","Mexico:Baja California","epipodial","Fabiola Lafarga","Haliotis_rufescens_AWJG02E02","Ensenada","31.86674 N 116.59637 W",31.86674,-116.59637,"SAMN30219739","30219739"
"SF07-32-5","SAMN30219738","AWJG02D02","SRS14595936","Haliotis rufescens","2007-08-25","USA:California","epipodial","SHL, BML","Haliotis_rufescens_AWJG02D02","San Miguel Isle","34.05266111 N 120.34653611 W",34.05266111,-120.34653611,"SAMN30219738","30219738"
"SF07-25-6","SAMN30219737","AWJG02C02","SRS14595935","Haliotis rufescens","2007-07-18","USA:California","epipodial","SHL, BML","Haliotis_rufescens_AWJG02C02","Farallones Island","37.70085833 N 122.99649166 W",37.70085833,-122.99649166,"SAMN30219737","30219737"
"PL5","SAMN30219736","AWJG02B02","SRS14595934","Haliotis rufescens","2021-05-18","USA:California","epipodial","Ian Taniguchi","Haliotis_rufescens_AWJG02B02","Point Loma","32.67363333 N 117.24614722 W",32.67363333,-117.24614722,"SAMN30219736","30219736"
"SF99-38-8","SAMN30219735","AWJG02A02","SRS14595933","Haliotis rufescens","1999-10-27","USA:California","epipodial","SHL, BML","Haliotis_rufescens_AWJG02A02","House Cove","39.36008333 N 123.82366666 W",39.36008333,-123.82366666,"SAMN30219735","30219735"
"SF99-36-7","SAMN30219734","AWJG02H01","SRS14595932","Haliotis rufescens","1999-10-22","USA:California","epipodial","SHL, BML","Haliotis_rufescens_AWJG02H01","Trinidad","41.05053333 N 124.15049166 W",41.05053333,-124.15049166,"SAMN30219734","30219734"
"RR2103","SAMN30219733","AWJG02G01","SRS14595931","Haliotis rufescens","2021-05-21","USA:Oregon","epipodial","ODFW","Haliotis_rufescens_AWJG02G01","Rogue Reef, Gold Beach","42.2638 N 124.2802 W",42.2638,-124.2802,"SAMN30219733","30219733"
"SF09-6-6","SAMN30219732","AWJG02F01","SRS14595930","Haliotis rufescens","2008-03-29","USA:Oregon","epipodial","SHL, BML","Haliotis_rufescens_AWJG02F01","Brookings","42.04461111 N 124.28393611 W",42.04461111,-124.28393611,"SAMN30219732","30219732"
"ST6","SAMN30219731","AWJG02E01","SRS14595929","Haliotis rufescens","2014","Mexico:Baja California","epipodial","Fabiola Lafarga","Haliotis_rufescens_AWJG02E01","Santo Tomas","31.54910277 N 116.68323611 W",31.54910277,-116.68323611,"SAMN30219731","30219731"
"DCHR006","SAMN30219730","AWJG02D01","SRS14595927","Haliotis rufescens","2021-05-05","USA:California","epipodial","Andrew Harmer","Haliotis_rufescens_AWJG02D01","Morro Bay, Patton Cove","35.20272 N 120.85028 W",35.20272,-120.85028,"SAMN30219730","30219730"
"SF07-25-5","SAMN30219729","AWJG02C01","SRS14595926","Haliotis rufescens","2007-07-18","USA:California","epipodial","SHL, BML","Haliotis_rufescens_AWJG02C01","Farallones Island","37.70085833 N 122.99649166 W",37.70085833,-122.99649166,"SAMN30219729","30219729"
"SF14-34-6","SAMN30219728","AWJG02B01","SRS14595925","Haliotis rufescens","2014-06-15","USA:California","epipodial","SHL, BML","Haliotis_rufescens_AWJG02B01","Muniz Ranch","38.45571944 N 123.14509722 W",38.45571944,-123.14509722,"SAMN30219728","30219728"
"SF99-38-7","SAMN30219727","AWJG02A01","SRS14595924","Haliotis rufescens","1999-10-27","USA:California","epipodial","SHL, BML","Haliotis_rufescens_AWJG02A01","House Cove","39.36008333 N 123.82366666 W",39.36008333,-123.82366666,"SAMN30219727","30219727"
"PL6","SAMN30219726","AWJG01H12","SRS14595923","Haliotis rufescens","2021-05-18","USA:California","epipodial","Ian Taniguchi","Haliotis_rufescens_AWJG01H12","Point Loma","32.67363333 N 117.24614722 W",32.67363333,-117.24614722,"SAMN30219726","30219726"
"PO2130","SAMN30219725","AWJG01G12","SRS14595922","Haliotis rufescens","2021-06-17","USA:Oregon","epipodial","ODFW","Haliotis_rufescens_AWJG01G12","Port Orford, Nellie's Cove","42.4414 N 124.3025 W",42.4414,-124.3025,"SAMN30219725","30219725"
"SF09-6-5","SAMN30219724","AWJG01F12","SRS14596082","Haliotis rufescens","2008-03-29","USA:Oregon","epipodial","SHL, BML","Haliotis_rufescens_AWJG01F12","Brookings","42.04461111 N 124.28393611 W",42.04461111,-124.28393611,"SAMN30219724","30219724"
"ST5","SAMN30219723","AWJG01E12","SRS14596081","Haliotis rufescens","2014","Mexico:Baja California","epipodial","Fabiola Lafarga","Haliotis_rufescens_AWJG01E12","Santo Tomas","31.54910277 N 116.68323611 W",31.54910277,-116.68323611,"SAMN30219723","30219723"
"DCHR005","SAMN30219722","AWJG01D12","SRS14596080","Haliotis rufescens","2021-05-05","USA:California","epipodial","Andrew Harmer","Haliotis_rufescens_AWJG01D12","Morro Bay, Pup Rock","35.21835 N 120.86861 W",35.21835,-120.86861,"SAMN30219722","30219722"
"SF03-19-6","SAMN30219721","AWJG01C12","SRS14596079","Haliotis rufescens","2003-04-30","USA:California","epipodial","SHL, BML","Haliotis_rufescens_AWJG01C12","Point Reyes","37.98801666 N 122.96269722 W",37.98801666,-122.96269722,"SAMN30219721","30219721"
"SF14-34-5","SAMN30219720","AWJG01B12","SRS14596077","Haliotis rufescens","2014-06-15","USA:California","epipodial","SHL, BML","Haliotis_rufescens_AWJG01B12","Muniz Ranch","38.45571944 N 123.14509722 W",38.45571944,-123.14509722,"SAMN30219720","30219720"
"SF07-3-14","SAMN30219719","AWJG01A12","SRS14596076","Haliotis rufescens","2007-02-05","USA:California","epipodial","SHL, BML","Haliotis_rufescens_AWJG01A12","VanDamme","39.26975833 N 123.79865833 W",39.26975833,-123.79865833,"SAMN30219719","30219719"
"SF99-38-10","SAMN30219718","AWJG01H11","SRS14596075","Haliotis rufescens","1999-10-27","USA:California","epipodial","SHL, BML","Haliotis_rufescens_AWJG01H11","House Cove","39.36008333 N 123.82366666 W",39.36008333,-123.82366666,"SAMN30219718","30219718"
"PO2128","SAMN30219717","AWJG01G11","SRS14596074","Haliotis rufescens","2021-06-17","USA:Oregon","epipodial","ODFW","Haliotis_rufescens_AWJG01G11","Port Orford, Nellie's Cove","42.4414 N 124.3025 W",42.4414,-124.3025,"SAMN30219717","30219717"
"SF09-6-4","SAMN30219716","AWJG01F11","SRS14596073","Haliotis rufescens","2008-03-29","USA:Oregon","epipodial","SHL, BML","Haliotis_rufescens_AWJG01F11","Brookings","42.04461111 N 124.28393611 W",42.04461111,-124.28393611,"SAMN30219716","30219716"
"SF99-04-3","SAMN30219715","AWJG01E11","SRS14596072","Haliotis rufescens","1999-02-17","USA:California","epipodial","SHL, BML","Haliotis_rufescens_AWJG01E11","San Pedro","33.70445 N 118.2946 W",33.70445,-118.2946,"SAMN30219715","30219715"
"H4","SAMN30219714","AWJG01D11","SRS14596071","Haliotis rufescens","2011-02-02","USA:California","epipodial","De Wit/Leary","Haliotis_rufescens_AWJG01D11","Hopkins (Monterey)","36.62073333 N 121.90196666 W",36.62073333,-121.90196666,"SAMN30219714","30219714"
"SF03-19-5","SAMN30219713","AWJG01C11","SRS14596070","Haliotis rufescens","2003-04-30","USA:California","epipodial","SHL, BML","Haliotis_rufescens_AWJG01C11","Point Reyes","37.98801666 N 122.96269722 W",37.98801666,-122.96269722,"SAMN30219713","30219713"
"SF07-7-6","SAMN30219712","AWJG01B11","SRS14596069","Haliotis rufescens","2007-08-06","USA:California","epipodial","SHL, BML","Haliotis_rufescens_AWJG01B11","Timber Cove","38.530525 N 123.27260555 W",38.530525,-123.27260555,"SAMN30219712","30219712"
"SF07-3-13","SAMN30219711","AWJG01A11","SRS14596068","Haliotis rufescens","2007-02-05","USA:California","epipodial","SHL, BML","Haliotis_rufescens_AWJG01A11","VanDamme","39.26975833 N 123.79865833 W",39.26975833,-123.79865833,"SAMN30219711","30219711"
"SF99-36-6","SAMN30219710","AWJG01H10","SRS14596066","Haliotis rufescens","1999-10-22","USA:California","epipodial","SHL, BML","Haliotis_rufescens_AWJG01H10","Trinidad","41.05053333 N 124.15049166 W",41.05053333,-124.15049166,"SAMN30219710","30219710"
"PL3","SAMN30219709","AWJG01G10","SRS14596065","Haliotis rufescens","2021-05-18","USA:California","epipodial","Ian Taniguchi","Haliotis_rufescens_AWJG01G10","Point Loma","32.67363333 N 117.24614722 W",32.67363333,-117.24614722,"SAMN30219709","30219709"
"SF09-6-2","SAMN30219708","AWJG01F10","SRS14596064","Haliotis rufescens","2008-03-29","USA:Oregon","epipodial","SHL, BML","Haliotis_rufescens_AWJG01F10","Brookings","42.04461111 N 124.28393611 W",42.04461111,-124.28393611,"SAMN30219708","30219708"
"SJ 4","SAMN30219707","AWJG01E10","SRS14596063","Haliotis rufescens","2016","Mexico:Baja California","epipodial","Fabiola Lafarga","Haliotis_rufescens_AWJG01E10","Punta San Jose","31.46263611 N 116.59057777 W",31.46263611,-116.59057777,"SAMN30219707","30219707"
"SF07-32-4","SAMN30219706","AWJG01D10","SRS14596062","Haliotis rufescens","2007-08-25","USA:California","epipodial","SHL, BML","Haliotis_rufescens_AWJG01D10","San Miguel Isle","34.05266111 N 120.34653611 W",34.05266111,-120.34653611,"SAMN30219706","30219706"
"SF98-32-3","SAMN30219705","AWJG01C10","SRS14596061","Haliotis rufescens","1998-12-17","USA:California","epipodial","SHL, BML","Haliotis_rufescens_AWJG01C10","Monterey","36.639425 N 121.93438888 W",36.639425,-121.93438888,"SAMN30219705","30219705"
"SF10-15-4","SAMN30219704","AWJG01B10","SRS14596060","Haliotis rufescens","2010-05-14","USA:California","epipodial","SHL, BML","Haliotis_rufescens_AWJG01B10","Bodega Bay","38.31356666 N 123.07554722 W",38.31356666,-123.07554722,"SAMN30219704","30219704"
"SF99-36-5","SAMN30219703","AWJG01H09","SRS14596059","Haliotis rufescens","1999-10-22","USA:California","epipodial","SHL, BML","Haliotis_rufescens_AWJG01H09","Trinidad","41.05053333 N 124.15049166 W",41.05053333,-124.15049166,"SAMN30219703","30219703"
"RR2102","SAMN30219702","AWJG01G09","SRS14596034","Haliotis rufescens","2021-05-21","USA:Oregon","epipodial","ODFW","Haliotis_rufescens_AWJG01G09","Rogue Reef, Gold Beach","42.2638 N 124.2802 W",42.2638,-124.2802,"SAMN30219702","30219702"
"SF09-6-1","SAMN30219701","AWJG01F09","SRS14596033","Haliotis rufescens","2008-03-29","USA:Oregon","epipodial","SHL, BML","Haliotis_rufescens_AWJG01F09","Brookings","42.04461111 N 124.28393611 W",42.04461111,-124.28393611,"SAMN30219701","30219701"
"SJ 3","SAMN30219700","AWJG01E09","SRS14596031","Haliotis rufescens","2016","Mexico:Baja California","epipodial","Fabiola Lafarga","Haliotis_rufescens_AWJG01E09","Punta San Jose","31.46263611 N 116.59057777 W",31.46263611,-116.59057777,"SAMN30219700","30219700"
"SF07-32-3","SAMN30219699","AWJG01D09","SRS14596030","Haliotis rufescens","2007-08-25","USA:California","epipodial","SHL, BML","Haliotis_rufescens_AWJG01D09","San Miguel Isle","34.05266111 N 120.34653611 W",34.05266111,-120.34653611,"SAMN30219699","30219699"
"SF07-25-4","SAMN30219698","AWJG01C09","SRS14596029","Haliotis rufescens","2007-07-18","USA:California","epipodial","SHL, BML","Haliotis_rufescens_AWJG01C09","Farallones Island","37.70085833 N 122.99649166 W",37.70085833,-122.99649166,"SAMN30219698","30219698"
"SF10-15-3","SAMN30219697","AWJG01B09","SRS14596028","Haliotis rufescens","2010-05-14","USA:California","epipodial","SHL, BML","Haliotis_rufescens_AWJG01B09","Bodega Bay","38.31356666 N 123.07554722 W",38.31356666,-123.07554722,"SAMN30219697","30219697"
"SF11-27-6","SAMN30219696","AWJG01A09","SRS14596027","Haliotis rufescens","2011-08-15","USA:California","epipodial","SHL, BML","Haliotis_rufescens_AWJG01A09","Salt Point","38.563975 N 123.33383888 W",38.563975,-123.33383888,"SAMN30219696","30219696"
"SF99-23-7","SAMN30219695","AWJG01H08","SRS14596026","Haliotis rufescens","1999-08-20","USA:California","epipodial","SHL, BML","Haliotis_rufescens_AWJG01H08","Crescent City","41.74355833 N 124.20152777 W",41.74355833,-124.20152777,"SAMN30219695","30219695"
"PO2126","SAMN30219694","AWJG01G08","SRS14596025","Haliotis rufescens","2021-06-17","USA:Oregon","epipodial","ODFW","Haliotis_rufescens_AWJG01G08","Port Orford, Nellie's Cove","42.4414 N 124.3025 W",42.4414,-124.3025,"SAMN30219694","30219694"
"SF09-6-23","SAMN30219693","AWJG01F08","SRS14596024","Haliotis rufescens","2008-03-29","USA:Oregon","epipodial","SHL, BML","Haliotis_rufescens_AWJG01F08","Brookings","42.04461111 N 124.28393611 W",42.04461111,-124.28393611,"SAMN30219693","30219693"
"SF98-33-4","SAMN30219692","AWJG01E08","SRS14596023","Haliotis rufescens","1998-12-18","USA:California","epipodial","SHL, BML","Haliotis_rufescens_AWJG01E08","Shelter Cover","40.02043888 N 124.06986666 W",40.02043888,-124.06986666,"SAMN30219692","30219692"
"DCHR004","SAMN30219691","AWJG01D08","SRS14596022","Haliotis rufescens","2021-05-05","USA:California","epipodial","Andrew Harmer","Haliotis_rufescens_AWJG01D08","Morro Bay, Pup Rock","35.21835 N 120.86861 W",35.21835,-120.86861,"SAMN30219691","30219691"
"SF07-25-3","SAMN30219690","AWJG01C08","SRS14596020","Haliotis rufescens","2007-07-18","USA:California","epipodial","SHL, BML","Haliotis_rufescens_AWJG01C08","Farallones Island","37.70085833 N 122.99649166 W",37.70085833,-122.99649166,"SAMN30219690","30219690"
"SF11-27-4","SAMN30219689","AWJG01A08","SRS14596019","Haliotis rufescens","2011-08-15","USA:California","epipodial","SHL, BML","Haliotis_rufescens_AWJG01A08","Salt Point","38.563975 N 123.33383888 W",38.563975,-123.33383888,"SAMN30219689","30219689"
"SF99-23-6","SAMN30219688","AWJG01H07","SRS14596018","Haliotis rufescens","1999-08-20","USA:California","epipodial","SHL, BML","Haliotis_rufescens_AWJG01H07","Crescent City","41.74355833 N 124.20152777 W",41.74355833,-124.20152777,"SAMN30219688","30219688"
"PO2125","SAMN30219687","AWJG01G07","SRS14596017","Haliotis rufescens","2021-06-17","USA:Oregon","epipodial","ODFW","Haliotis_rufescens_AWJG01G07","Port Orford, Nellie's Cove","42.4414 N 124.3025 W",42.4414,-124.3025,"SAMN30219687","30219687"
"SF09-6-22","SAMN30219686","AWJG01F07","SRS14596016","Haliotis rufescens","2008-03-29","USA:Oregon","epipodial","SHL, BML","Haliotis_rufescens_AWJG01F07","Brookings","42.04461111 N 124.28393611 W",42.04461111,-124.28393611,"SAMN30219686","30219686"
"SF98-33-3","SAMN30219685","AWJG01E07","SRS14596015","Haliotis rufescens","1998-12-18","USA:California","epipodial","SHL, BML","Haliotis_rufescens_AWJG01E07","Shelter Cover","40.02043888 N 124.06986666 W",40.02043888,-124.06986666,"SAMN30219685","30219685"
"DCHR003","SAMN30219684","AWJG01D07","SRS14596014","Haliotis rufescens","2021-05-05","USA:California","epipodial","Andrew Harmer","Haliotis_rufescens_AWJG01D07","Morro Bay, Pup Rock","35.21835 N 120.86861 W",35.21835,-120.86861,"SAMN30219684","30219684"
"ENS 2","SAMN30219683","AWJG01B07","SRS14596013","Haliotis rufescens","2019/2020","Mexico:Baja California","epipodial","Fabiola Lafarga","Haliotis_rufescens_AWJG01B07","Ensenada","31.86674 N 116.59637 W",31.86674,-116.59637,"SAMN30219683","30219683"
"SF99-38-6","SAMN30219682","AWJG01A07","SRS14596012","Haliotis rufescens","1999-10-27","USA:California","epipodial","SHL, BML","Haliotis_rufescens_AWJG01A07","House Cove","39.36008333 N 123.82366666 W",39.36008333,-123.82366666,"SAMN30219682","30219682"
"PL4","SAMN30219681","AWJG01H06","SRS14596011","Haliotis rufescens","2021-05-18","USA:California","epipodial","Ian Taniguchi","Haliotis_rufescens_AWJG01H06","Point Loma","32.67363333 N 117.24614722 W",32.67363333,-117.24614722,"SAMN30219681","30219681"
"SF09-6-21","SAMN30219680","AWJG01F06","SRS14596105","Haliotis rufescens","2008-03-29","USA:Oregon","epipodial","SHL, BML","Haliotis_rufescens_AWJG01F06","Brookings","42.04461111 N 124.28393611 W",42.04461111,-124.28393611,"SAMN30219680","30219680"
"SF99-04-2","SAMN30219679","AWJG01E06","SRS14596104","Haliotis rufescens","1999-02-17","USA:California","epipodial","SHL, BML","Haliotis_rufescens_AWJG01E06","San Pedro","33.70445 N 118.2946 W",33.70445,-118.2946,"SAMN30219679","30219679"
"H2","SAMN30219678","AWJG01D06","SRS14596103","Haliotis rufescens","2011-02-02","USA:California","epipodial","De Wit/Leary","Haliotis_rufescens_AWJG01D06","Hopkins (Monterey)","36.62073333 N 121.90196666 W",36.62073333,-121.90196666,"SAMN30219678","30219678"
"SF03-19-3","SAMN30219677","AWJG01C06","SRS14596102","Haliotis rufescens","2003-04-30","USA:California","epipodial","SHL, BML","Haliotis_rufescens_AWJG01C06","Point Reyes","37.98801666 N 122.96269722 W",37.98801666,-122.96269722,"SAMN30219677","30219677"
"SF07-7-4","SAMN30219676","AWJG01B06","SRS14596101","Haliotis rufescens","2007-08-06","USA:California","epipodial","SHL, BML","Haliotis_rufescens_AWJG01B06","Timber Cove","38.530525 N 123.27260555 W",38.530525,-123.27260555,"SAMN30219676","30219676"
"SF99-38-3","SAMN30219675","AWJG01A06","SRS14596100","Haliotis rufescens","1999-10-27","USA:California","epipodial","SHL, BML","Haliotis_rufescens_AWJG01A06","House Cove","39.36008333 N 123.82366666 W",39.36008333,-123.82366666,"SAMN30219675","30219675"
"SF99-36-9","SAMN30219674","AWJG01G05","SRS14596099","Haliotis rufescens","1999-10-22","USA:California","epipodial","SHL, BML","Haliotis_rufescens_AWJG01G05","Trinidad","41.05053333 N 124.15049166 W",41.05053333,-124.15049166,"SAMN30219674","30219674"
"SF09-6-19","SAMN30219673","AWJG01F05","SRS14596098","Haliotis rufescens","2008-03-29","USA:Oregon","epipodial","SHL, BML","Haliotis_rufescens_AWJG01F05","Brookings","42.04461111 N 124.28393611 W",42.04461111,-124.28393611,"SAMN30219673","30219673"
"SJ 2","SAMN30219672","AWJG01E05","SRS14596097","Haliotis rufescens","2016","Mexico:Baja California","epipodial","Fabiola Lafarga","Haliotis_rufescens_AWJG01E05","Punta San Jose","31.46263611 N 116.59057777 W",31.46263611,-116.59057777,"SAMN30219672","30219672"
"SF07-32-2","SAMN30219671","AWJG01D05","SRS14596096","Haliotis rufescens","2007-08-25","USA:California","epipodial","SHL, BML","Haliotis_rufescens_AWJG01D05","San Miguel Isle","34.05266111 N 120.34653611 W",34.05266111,-120.34653611,"SAMN30219671","30219671"
"SF98-32-1","SAMN30219670","AWJG01C05","SRS14596094","Haliotis rufescens","1998-12-17","USA:California","epipodial","SHL, BML","Haliotis_rufescens_AWJG01C05","Monterey","36.639425 N 121.93438888 W",36.639425,-121.93438888,"SAMN30219670","30219670"
"SF10-15-2","SAMN30219669","AWJG01B05","SRS14596093","Haliotis rufescens","2010-05-14","USA:California","epipodial","SHL, BML","Haliotis_rufescens_AWJG01B05","Bodega Bay","38.31356666 N 123.07554722 W",38.31356666,-123.07554722,"SAMN30219669","30219669"
"SF07-7-1","SAMN30219668","AWJG01A05","SRS14596092","Haliotis rufescens","2007-08-06","USA:California","epipodial","SHL, BML","Haliotis_rufescens_AWJG01A05","Timber Cove","38.530525 N 123.27260555 W",38.530525,-123.27260555,"SAMN30219668","30219668"
"SF99-23-5","SAMN30219667","AWJG01H04","SRS14596091","Haliotis rufescens","1999-08-20","USA:California","epipodial","SHL, BML","Haliotis_rufescens_AWJG01H04","Crescent City","41.74355833 N 124.20152777 W",41.74355833,-124.20152777,"SAMN30219667","30219667"
"SF09-6-17","SAMN30219666","AWJG01G04","SRS14596083","Haliotis rufescens","2009","USA:Oregon","epipodial","SHL, BML","Haliotis_rufescens_AWJG01G04","Port Orford, Nellie's Cove","42.73890555 N 124.50217777 W",42.73890555,-124.50217777,"SAMN30219666","30219666"
"SF09-6-18","SAMN30219665","AWJG01F04","SRS14596000","Haliotis rufescens","2008-03-29","USA:Oregon","epipodial","SHL, BML","Haliotis_rufescens_AWJG01F04","Brookings","42.04461111 N 124.28393611 W",42.04461111,-124.28393611,"SAMN30219665","30219665"
"SJ 1","SAMN30219664","AWJG01E04","SRS14595989","Haliotis rufescens","2016","Mexico:Baja California","epipodial","Fabiola Lafarga","Haliotis_rufescens_AWJG01E04","Punta San Jose","31.46263611 N 116.59057777 W",31.46263611,-116.59057777,"SAMN30219664","30219664"
"SF07-32-1","SAMN30219663","AWJG01D04","SRS14595913","Haliotis rufescens","2007-08-25","USA:California","epipodial","SHL, BML","Haliotis_rufescens_AWJG01D04","San Miguel Isle","34.05266111 N 120.34653611 W",34.05266111,-120.34653611,"SAMN30219663","30219663"
"SF10-15-1","SAMN30219662","AWJG01B04","SRS14595902","Haliotis rufescens","2010-05-14","USA:California","epipodial","SHL, BML","Haliotis_rufescens_AWJG01B04","Bodega Bay","38.31356666 N 123.07554722 W",38.31356666,-123.07554722,"SAMN30219662","30219662"
"SF11-27-2","SAMN30219661","AWJG01A04","SRS14596052","Haliotis rufescens","2011-08-15","USA:California","epipodial","SHL, BML","Haliotis_rufescens_AWJG01A04","Salt Point","38.563975 N 123.33383888 W",38.563975,-123.33383888,"SAMN30219661","30219661"
"SF99-23-4","SAMN30219660","AWJG01H03","SRS14596040","Haliotis rufescens","1999-08-20","USA:California","epipodial","SHL, BML","Haliotis_rufescens_AWJG01H03","Crescent City","41.74355833 N 124.20152777 W",41.74355833,-124.20152777,"SAMN30219660","30219660"
"SF09-6-16","SAMN30219659","AWJG01G03","SRS14595981","Haliotis rufescens","2009","USA:Oregon","epipodial","SHL, BML","Haliotis_rufescens_AWJG01G03","Port Orford, Nellie's Cove","42.73890555 N 124.50217777 W",42.73890555,-124.50217777,"SAMN30219659","30219659"
"SF09-6-14","SAMN30219658","AWJG01F03","SRS14595970","Haliotis rufescens","2008-03-29","USA:Oregon","epipodial","SHL, BML","Haliotis_rufescens_AWJG01F03","Brookings","42.04461111 N 124.28393611 W",42.04461111,-124.28393611,"SAMN30219658","30219658"
"ST2","SAMN30219657","AWJG01E03","SRS14595894","Haliotis rufescens","2014","Mexico:Baja California","epipodial","Fabiola Lafarga","Haliotis_rufescens_AWJG01E03","Santo Tomas","31.54910277 N 116.68323611 W",31.54910277,-116.68323611,"SAMN30219657","30219657"
"DCHR002","SAMN30219656","AWJG01D03","SRS14595883","Haliotis rufescens","2021-05-05","USA:California","epipodial","Andrew Harmer","Haliotis_rufescens_AWJG01D03","Morro Bay, Pup Rock","35.21835 N 120.86861 W",35.21835,-120.86861,"SAMN30219656","30219656"
"SF07-25-1","SAMN30219655","AWJG01C03","SRS14595961","Haliotis rufescens","2007-07-18","USA:California","epipodial","SHL, BML","Haliotis_rufescens_AWJG01C03","Farallones Island","37.70085833 N 122.99649166 W",37.70085833,-122.99649166,"SAMN30219655","30219655"
"SF14-34-2","SAMN30219654","AWJG01B03","SRS14595950","Haliotis rufescens","2014-06-15","USA:California","epipodial","SHL, BML","Haliotis_rufescens_AWJG01B03","Muniz Ranch","38.45571944 N 123.14509722 W",38.45571944,-123.14509722,"SAMN30219654","30219654"
"SF11-27-1","SAMN30219653","AWJG01A03","SRS14595939","Haliotis rufescens","2011-08-15","USA:California","epipodial","SHL, BML","Haliotis_rufescens_AWJG01A03","Salt Point","38.563975 N 123.33383888 W",38.563975,-123.33383888,"SAMN30219653","30219653"
"PL2","SAMN30219652","AWJG01H02","SRS14595863","Haliotis rufescens","2021-05-18","USA:California","epipodial","Ian Taniguchi","Haliotis_rufescens_AWJG01H02","Point Loma","32.67363333 N 117.24614722 W",32.67363333,-117.24614722,"SAMN30219652","30219652"
"SF09-6-15","SAMN30219651","AWJG01G02","SRS14595852","Haliotis rufescens","2009","USA:Oregon","epipodial","SHL, BML","Haliotis_rufescens_AWJG01G02","Port Orford, Nellie's Cove","42.73890555 N 124.50217777 W",42.73890555,-124.50217777,"SAMN30219651","30219651"
"SF09-6-13","SAMN30219650","AWJG01F02","SRS14595928","Haliotis rufescens","2008-03-29","USA:Oregon","epipodial","SHL, BML","Haliotis_rufescens_AWJG01F02","Brookings","42.04461111 N 124.28393611 W",42.04461111,-124.28393611,"SAMN30219650","30219650"
"ST1","SAMN30219649","AWJG01E02","SRS14596078","Haliotis rufescens","2014","Mexico:Baja California","epipodial","Fabiola Lafarga","Haliotis_rufescens_AWJG01E02","Santo Tomas","31.54910277 N 116.68323611 W",31.54910277,-116.68323611,"SAMN30219649","30219649"
"DCHR001","SAMN30219648","AWJG01D02","SRS14596067","Haliotis rufescens","2021-05-05","USA:California","epipodial","Andrew Harmer","Haliotis_rufescens_AWJG01D02","Morro Bay, Pup Rock","35.21835 N 120.86861 W",35.21835,-120.86861,"SAMN30219648","30219648"
"SF03-19-2","SAMN30219647","AWJG01C02","SRS14596032","Haliotis rufescens","2003-04-30","USA:California","epipodial","SHL, BML","Haliotis_rufescens_AWJG01C02","Point Reyes","37.98801666 N 122.96269722 W",37.98801666,-122.96269722,"SAMN30219647","30219647"
"SF14-34-1","SAMN30219646","AWJG01B02","SRS14596021","Haliotis rufescens","2014-06-15","USA:California","epipodial","SHL, BML","Haliotis_rufescens_AWJG01B02","Muniz Ranch","38.45571944 N 123.14509722 W",38.45571944,-123.14509722,"SAMN30219646","30219646"
"SF07-3-10","SAMN30219645","AWJG01A02","SRS14596106","Haliotis rufescens","2007-02-05","USA:California","epipodial","SHL, BML","Haliotis_rufescens_AWJG01A02","VanDamme","39.26975833 N 123.79865833 W",39.26975833,-123.79865833,"SAMN30219645","30219645"
"ENS 1","SAMN30219644","AWJG01F01","SRS14596095","Haliotis rufescens","2019/2020","Mexico:Baja California","epipodial","Fabiola Lafarga","Haliotis_rufescens_AWJG01F01","Ensenada","31.86674 N 116.59637 W",31.86674,-116.59637,"SAMN30219644","30219644"
"SF99-04-1","SAMN30219643","AWJG01E01","SRS14596051","Haliotis rufescens","1999-02-17","USA:California","epipodial","SHL, BML","Haliotis_rufescens_AWJG01E01","San Pedro","33.70445 N 118.2946 W",33.70445,-118.2946,"SAMN30219643","30219643"
"SF98-32-2","SAMN30219642","AWJG01D01","SRS14595851","Haliotis rufescens","1998-12-17","USA:California","epipodial","SHL, BML","Haliotis_rufescens_AWJG01D01","Monterey","36.639425 N 121.93438888 W",36.639425,-121.93438888,"SAMN30219642","30219642"
"SF07-7-2","SAMN30219641","AWJG01B01","SRS14595850","Haliotis rufescens","2007-08-06","USA:California","epipodial","SHL, BML","Haliotis_rufescens_AWJG01B01","Timber Cove","38.530525 N 123.27260555 W",38.530525,-123.27260555,"SAMN30219641","30219641"
