sample_name,species,isolate,habitat,stage,year,region,sex,tissue,lat,lon,phylum,class,order,family,georef,country,state
MX13-001,Poecilia mexicana,MX13-001,Fresh,adult,2013,Mexico: Pichucalco  - site Rosita,F,muscle,17.48511 N,93.10358 W,Chordata,Actinopterygii,Cyprinodontiformes,Poeciliidae,GPS,Mexico,Pichucalco
MX13-003,Poecilia mexicana,MX13-003,Fresh,adult,2013,Mexico: Pichucalco  - site Rosita,F,muscle,17.48511 N,93.10358 W,Chordata,Actinopterygii,Cyprinodontiformes,Poeciliidae,GPS,Mexico,Pichucalco
MX13-004,Poecilia mexicana,MX13-004,Fresh,adult,2013,Mexico: Pichucalco  - site Rosita,F,muscle,17.48511 N,93.10358 W,Chordata,Actinopterygii,Cyprinodontiformes,Poeciliidae,GPS,Mexico,Pichucalco
MX13-005,Poecilia mexicana,MX13-005,Fresh,adult,2013,Mexico: Pichucalco  - site Rosita,M,muscle,17.48511 N,93.10358 W,Chordata,Actinopterygii,Cyprinodontiformes,Poeciliidae,GPS,Mexico,Pichucalco
MX13-006,Poecilia mexicana,MX13-006,Fresh,adult,2013,Mexico: Pichucalco  - site Rosita,F,muscle,17.48511 N,93.10358 W,Chordata,Actinopterygii,Cyprinodontiformes,Poeciliidae,GPS,Mexico,Pichucalco
MX13-007,Poecilia mexicana,MX13-007,Fresh,adult,2013,Mexico: Pichucalco  - site Rosita,F,muscle,17.48511 N,93.10358 W,Chordata,Actinopterygii,Cyprinodontiformes,Poeciliidae,GPS,Mexico,Pichucalco
MX13-015,Poecilia mexicana,MX13-015,Fresh,adult,2013,Mexico: Pichucalco  - site Rosita,M,muscle,17.48511 N,93.10358 W,Chordata,Actinopterygii,Cyprinodontiformes,Poeciliidae,GPS,Mexico,Pichucalco
MX13-016,Poecilia mexicana,MX13-016,Fresh,adult,2013,Mexico: Pichucalco  - site Rosita,M,muscle,17.48511 N,93.10358 W,Chordata,Actinopterygii,Cyprinodontiformes,Poeciliidae,GPS,Mexico,Pichucalco
MX13-017,Poecilia mexicana,MX13-017,Fresh,adult,2013,Mexico: Pichucalco  - site Rosita,M,muscle,17.48511 N,93.10358 W,Chordata,Actinopterygii,Cyprinodontiformes,Poeciliidae,GPS,Mexico,Pichucalco
MX13-018,Poecilia mexicana,MX13-018,Fresh,adult,2013,Mexico: Pichucalco  - site Rosita,F,muscle,17.48511 N,93.10358 W,Chordata,Actinopterygii,Cyprinodontiformes,Poeciliidae,GPS,Mexico,Pichucalco
MX13-019,Poecilia mexicana,MX13-019,Fresh,adult,2013,Mexico: Pichucalco  - site Rosita,M,muscle,17.48511 N,93.10358 W,Chordata,Actinopterygii,Cyprinodontiformes,Poeciliidae,GPS,Mexico,Pichucalco
MX13-020,Poecilia mexicana,MX13-020,Fresh,adult,2013,Mexico: Pichucalco  - site Rosita,M,muscle,17.48511 N,93.10358 W,Chordata,Actinopterygii,Cyprinodontiformes,Poeciliidae,GPS,Mexico,Pichucalco
MX13-021,Poecilia mexicana,MX13-021,Fresh,adult,2013,Mexico: Pichucalco  - site Rosita,F,muscle,17.48511 N,93.10358 W,Chordata,Actinopterygii,Cyprinodontiformes,Poeciliidae,GPS,Mexico,Pichucalco
MX13-024,Poecilia mexicana,MX13-024,Fresh,adult,2013,Mexico: Pichucalco  - site Rosita,F,muscle,17.48511 N,93.10358 W,Chordata,Actinopterygii,Cyprinodontiformes,Poeciliidae,GPS,Mexico,Pichucalco
MX13-026,Poecilia mexicana,MX13-026,Fresh,adult,2013,Mexico: Pichucalco  - site Rosita,F,muscle,17.48511 N,93.10358 W,Chordata,Actinopterygii,Cyprinodontiformes,Poeciliidae,GPS,Mexico,Pichucalco
MX13-029,Poecilia mexicana,MX13-029,Fresh,adult,2013,Mexico: Pichucalco  - site Rosita,F,muscle,17.48511 N,93.10358 W,Chordata,Actinopterygii,Cyprinodontiformes,Poeciliidae,GPS,Mexico,Pichucalco
MX13-031,Poecilia mexicana,MX13-031,Fresh,adult,2013,Mexico: Pichucalco  - site Vet Station,F,muscle,17.556 N,93.008 W,Chordata,Actinopterygii,Cyprinodontiformes,Poeciliidae,GPS,Mexico,Pichucalco
MX13-033,Poecilia mexicana,MX13-033,Fresh,adult,2013,Mexico: Pichucalco  - site Vet Station,F,muscle,17.556 N,93.008 W,Chordata,Actinopterygii,Cyprinodontiformes,Poeciliidae,GPS,Mexico,Pichucalco
MX13-035,Poecilia mexicana,MX13-035,Fresh,adult,2013,Mexico: Pichucalco  - site Vet Station,M,muscle,17.556 N,93.008 W,Chordata,Actinopterygii,Cyprinodontiformes,Poeciliidae,GPS,Mexico,Pichucalco
MX13-038,Poecilia mexicana,MX13-038,Fresh,adult,2013,Mexico: Pichucalco  - site Vet Station,M,muscle,17.556 N,93.008 W,Chordata,Actinopterygii,Cyprinodontiformes,Poeciliidae,GPS,Mexico,Pichucalco
MX13-042,Poecilia mexicana,MX13-042,Fresh,adult,2013,Mexico: Pichucalco  - site Vet Station,F,muscle,17.556 N,93.008 W,Chordata,Actinopterygii,Cyprinodontiformes,Poeciliidae,GPS,Mexico,Pichucalco
MX13-043,Poecilia mexicana,MX13-043,Fresh,adult,2013,Mexico: Pichucalco  - site Vet Station,F,muscle,17.556 N,93.008 W,Chordata,Actinopterygii,Cyprinodontiformes,Poeciliidae,GPS,Mexico,Pichucalco
MX13-044,Poecilia mexicana,MX13-044,Fresh,adult,2013,Mexico: Pichucalco  - site Vet Station,F,muscle,17.556 N,93.008 W,Chordata,Actinopterygii,Cyprinodontiformes,Poeciliidae,GPS,Mexico,Pichucalco
MX13-045,Poecilia mexicana,MX13-045,Fresh,adult,2013,Mexico: Pichucalco  - site Vet Station,F,muscle,17.556 N,93.008 W,Chordata,Actinopterygii,Cyprinodontiformes,Poeciliidae,GPS,Mexico,Pichucalco
MX13-046,Poecilia mexicana,MX13-046,Fresh,adult,2013,Mexico: Pichucalco  - site Vet Station,F,muscle,17.556 N,93.008 W,Chordata,Actinopterygii,Cyprinodontiformes,Poeciliidae,GPS,Mexico,Pichucalco
MX13-047,Poecilia mexicana,MX13-047,Fresh,adult,2013,Mexico: Pichucalco  - site Vet Station,M,muscle,17.556 N,93.008 W,Chordata,Actinopterygii,Cyprinodontiformes,Poeciliidae,GPS,Mexico,Pichucalco
MX13-048,Poecilia mexicana,MX13-048,Fresh,adult,2013,Mexico: Pichucalco  - site Vet Station,F,muscle,17.556 N,93.008 W,Chordata,Actinopterygii,Cyprinodontiformes,Poeciliidae,GPS,Mexico,Pichucalco
MX13-052,Poecilia mexicana,MX13-052,Fresh,adult,2013,Mexico: Pichucalco  - site Vet Station,M,muscle,17.556 N,93.008 W,Chordata,Actinopterygii,Cyprinodontiformes,Poeciliidae,GPS,Mexico,Pichucalco
MX13-053,Poecilia mexicana,MX13-053,Fresh,adult,2013,Mexico: Pichucalco  - site Vet Station,M,muscle,17.556 N,93.008 W,Chordata,Actinopterygii,Cyprinodontiformes,Poeciliidae,GPS,Mexico,Pichucalco
MX13-054,Poecilia mexicana,MX13-054,Fresh,adult,2013,Mexico: Pichucalco  - site Vet Station,F,muscle,17.556 N,93.008 W,Chordata,Actinopterygii,Cyprinodontiformes,Poeciliidae,GPS,Mexico,Pichucalco
MX13-055,Poecilia mexicana,MX13-055,Fresh,adult,2013,Mexico: Pichucalco  - site Vet Station,F,muscle,17.556 N,93.008 W,Chordata,Actinopterygii,Cyprinodontiformes,Poeciliidae,GPS,Mexico,Pichucalco
MX13-058,Poecilia mexicana,MX13-058,Fresh,adult,2013,Mexico: Pichucalco  - site Vet Station,M,muscle,17.556 N,93.008 W,Chordata,Actinopterygii,Cyprinodontiformes,Poeciliidae,GPS,Mexico,Pichucalco
MX13-061,Poecilia mexicana,MX13-061,Fresh,adult,2013,Mexico: Ixtapangajoya  - site Ixtapangajoya,F,muscle,17.495 N,92.998 W,Chordata,Actinopterygii,Cyprinodontiformes,Poeciliidae,GPS,Mexico,Ixtapangajoya
MX13-064,Poecilia mexicana,MX13-064,Fresh,adult,2013,Mexico: Ixtapangajoya  - site Ixtapangajoya,F,muscle,17.495 N,92.998 W,Chordata,Actinopterygii,Cyprinodontiformes,Poeciliidae,GPS,Mexico,Ixtapangajoya
MX13-065,Poecilia mexicana,MX13-065,Fresh,adult,2013,Mexico: Ixtapangajoya  - site Ixtapangajoya,M,muscle,17.495 N,92.998 W,Chordata,Actinopterygii,Cyprinodontiformes,Poeciliidae,GPS,Mexico,Ixtapangajoya
MX13-066,Poecilia mexicana,MX13-066,Fresh,adult,2013,Mexico: Ixtapangajoya  - site Ixtapangajoya,F,muscle,17.495 N,92.998 W,Chordata,Actinopterygii,Cyprinodontiformes,Poeciliidae,GPS,Mexico,Ixtapangajoya
MX13-068,Poecilia mexicana,MX13-068,Fresh,adult,2013,Mexico: Ixtapangajoya  - site Ixtapangajoya,F,muscle,17.495 N,92.998 W,Chordata,Actinopterygii,Cyprinodontiformes,Poeciliidae,GPS,Mexico,Ixtapangajoya
MX13-072,Poecilia mexicana,MX13-072,Fresh,adult,2013,Mexico: Ixtapangajoya  - site Ixtapangajoya,F,muscle,17.495 N,92.998 W,Chordata,Actinopterygii,Cyprinodontiformes,Poeciliidae,GPS,Mexico,Ixtapangajoya
MX13-074,Poecilia mexicana,MX13-074,Fresh,adult,2013,Mexico: Ixtapangajoya  - site Ixtapangajoya,F,muscle,17.495 N,92.998 W,Chordata,Actinopterygii,Cyprinodontiformes,Poeciliidae,GPS,Mexico,Ixtapangajoya
MX13-076,Poecilia mexicana,MX13-076,Fresh,adult,2013,Mexico: Ixtapangajoya  - site Ixtapangajoya,M,muscle,17.495 N,92.998 W,Chordata,Actinopterygii,Cyprinodontiformes,Poeciliidae,GPS,Mexico,Ixtapangajoya
MX13-077,Poecilia mexicana,MX13-077,Fresh,adult,2013,Mexico: Ixtapangajoya  - site Ixtapangajoya,M,muscle,17.495 N,92.998 W,Chordata,Actinopterygii,Cyprinodontiformes,Poeciliidae,GPS,Mexico,Ixtapangajoya
MX13-079,Poecilia mexicana,MX13-079,Fresh,adult,2013,Mexico: Ixtapangajoya  - site Ixtapangajoya,M,muscle,17.495 N,92.998 W,Chordata,Actinopterygii,Cyprinodontiformes,Poeciliidae,GPS,Mexico,Ixtapangajoya
MX13-081,Poecilia mexicana,MX13-081,Fresh,adult,2013,Mexico: Ixtapangajoya  - site Ixtapangajoya,M,muscle,17.495 N,92.998 W,Chordata,Actinopterygii,Cyprinodontiformes,Poeciliidae,GPS,Mexico,Ixtapangajoya
MX13-083,Poecilia mexicana,MX13-083,Fresh,adult,2013,Mexico: Ixtapangajoya  - site Ixtapangajoya,M,muscle,17.495 N,92.998 W,Chordata,Actinopterygii,Cyprinodontiformes,Poeciliidae,GPS,Mexico,Ixtapangajoya
MX13-086,Poecilia mexicana,MX13-086,Fresh,adult,2013,Mexico: Ixtapangajoya  - site Ixtapangajoya,F,muscle,17.495 N,92.998 W,Chordata,Actinopterygii,Cyprinodontiformes,Poeciliidae,GPS,Mexico,Ixtapangajoya
MX13-087,Poecilia mexicana,MX13-087,Fresh,adult,2013,Mexico: Ixtapangajoya  - site Ixtapangajoya,F,muscle,17.495 N,92.998 W,Chordata,Actinopterygii,Cyprinodontiformes,Poeciliidae,GPS,Mexico,Ixtapangajoya
MX13-088,Poecilia mexicana,MX13-088,Fresh,adult,2013,Mexico: Ixtapangajoya  - site Ixtapangajoya,F,muscle,17.495 N,92.998 W,Chordata,Actinopterygii,Cyprinodontiformes,Poeciliidae,GPS,Mexico,Ixtapangajoya
MX13-090,Poecilia mexicana,MX13-090,Fresh,adult,2013,Mexico: Ixtapangajoya  - site Ixtapangajoya,F,muscle,17.495 N,92.998 W,Chordata,Actinopterygii,Cyprinodontiformes,Poeciliidae,GPS,Mexico,Ixtapangajoya
MX13-093,Poecilia mexicana,MX13-093,Sulfur,adult,2013,Mexico: Pichucalco  - site La Gloria,M,muscle,17.53201 N,93.01513 W,Chordata,Actinopterygii,Cyprinodontiformes,Poeciliidae,GPS,Mexico,Pichucalco
MX13-096,Poecilia mexicana,MX13-096,Sulfur,adult,2013,Mexico: Pichucalco  - site La Gloria,F,muscle,17.53201 N,93.01513 W,Chordata,Actinopterygii,Cyprinodontiformes,Poeciliidae,GPS,Mexico,Pichucalco
MX13-097,Poecilia mexicana,MX13-097,Sulfur,adult,2013,Mexico: Pichucalco  - site La Gloria,F,muscle,17.53201 N,93.01513 W,Chordata,Actinopterygii,Cyprinodontiformes,Poeciliidae,GPS,Mexico,Pichucalco
MX13-101,Poecilia mexicana,MX13-101,Sulfur,adult,2013,Mexico: Pichucalco  - site La Gloria,M,muscle,17.53201 N,93.01513 W,Chordata,Actinopterygii,Cyprinodontiformes,Poeciliidae,GPS,Mexico,Pichucalco
MX13-102,Poecilia mexicana,MX13-102,Sulfur,adult,2013,Mexico: Pichucalco  - site La Gloria,M,muscle,17.53201 N,93.01513 W,Chordata,Actinopterygii,Cyprinodontiformes,Poeciliidae,GPS,Mexico,Pichucalco
MX13-104,Poecilia mexicana,MX13-104,Sulfur,adult,2013,Mexico: Pichucalco  - site La Gloria,F,muscle,17.53201 N,93.01513 W,Chordata,Actinopterygii,Cyprinodontiformes,Poeciliidae,GPS,Mexico,Pichucalco
MX13-105,Poecilia mexicana,MX13-105,Sulfur,adult,2013,Mexico: Pichucalco  - site La Gloria,F,muscle,17.53201 N,93.01513 W,Chordata,Actinopterygii,Cyprinodontiformes,Poeciliidae,GPS,Mexico,Pichucalco
MX13-108,Poecilia mexicana,MX13-108,Sulfur,adult,2013,Mexico: Pichucalco  - site La Gloria,F,muscle,17.53201 N,93.01513 W,Chordata,Actinopterygii,Cyprinodontiformes,Poeciliidae,GPS,Mexico,Pichucalco
MX13-110,Poecilia mexicana,MX13-110,Sulfur,adult,2013,Mexico: Pichucalco  - site La Gloria,F,muscle,17.53201 N,93.01513 W,Chordata,Actinopterygii,Cyprinodontiformes,Poeciliidae,GPS,Mexico,Pichucalco
MX13-113,Poecilia mexicana,MX13-113,Sulfur,adult,2013,Mexico: Pichucalco  - site La Gloria,M,muscle,17.53201 N,93.01513 W,Chordata,Actinopterygii,Cyprinodontiformes,Poeciliidae,GPS,Mexico,Pichucalco
MX13-115,Poecilia mexicana,MX13-115,Sulfur,adult,2013,Mexico: Pichucalco  - site La Gloria,M,muscle,17.53201 N,93.01513 W,Chordata,Actinopterygii,Cyprinodontiformes,Poeciliidae,GPS,Mexico,Pichucalco
MX13-116,Poecilia mexicana,MX13-116,Sulfur,adult,2013,Mexico: Pichucalco  - site La Gloria,F,muscle,17.53201 N,93.01513 W,Chordata,Actinopterygii,Cyprinodontiformes,Poeciliidae,GPS,Mexico,Pichucalco
MX13-117,Poecilia mexicana,MX13-117,Sulfur,adult,2013,Mexico: Pichucalco  - site La Gloria,M,muscle,17.53201 N,93.01513 W,Chordata,Actinopterygii,Cyprinodontiformes,Poeciliidae,GPS,Mexico,Pichucalco
MX13-118,Poecilia mexicana,MX13-118,Sulfur,adult,2013,Mexico: Pichucalco  - site La Gloria,M,muscle,17.53201 N,93.01513 W,Chordata,Actinopterygii,Cyprinodontiformes,Poeciliidae,GPS,Mexico,Pichucalco
MX13-119,Poecilia mexicana,MX13-119,Sulfur,adult,2013,Mexico: Pichucalco  - site La Gloria,M,muscle,17.53201 N,93.01513 W,Chordata,Actinopterygii,Cyprinodontiformes,Poeciliidae,GPS,Mexico,Pichucalco
MX13-120,Poecilia mexicana,MX13-120,Sulfur,adult,2013,Mexico: Pichucalco  - site La Gloria,F,muscle,17.53201 N,93.01513 W,Chordata,Actinopterygii,Cyprinodontiformes,Poeciliidae,GPS,Mexico,Pichucalco
MX13-124,Poecilia mexicana,MX13-124,Sulfur,adult,2013,Mexico: Pichucalco  - site Banos (hotel),M,muscle,17.55225 N,92.99859 W,Chordata,Actinopterygii,Cyprinodontiformes,Poeciliidae,GPS,Mexico,Pichucalco
MX13-125,Poecilia mexicana,MX13-125,Sulfur,adult,2013,Mexico: Pichucalco  - site Banos (hotel),M,muscle,17.55225 N,92.99859 W,Chordata,Actinopterygii,Cyprinodontiformes,Poeciliidae,GPS,Mexico,Pichucalco
MX13-128,Poecilia mexicana,MX13-128,Sulfur,adult,2013,Mexico: Pichucalco  - site Banos (hotel),M,muscle,17.55225 N,92.99859 W,Chordata,Actinopterygii,Cyprinodontiformes,Poeciliidae,GPS,Mexico,Pichucalco
MX13-131,Poecilia mexicana,MX13-131,Sulfur,adult,2013,Mexico: Pichucalco  - site Banos (hotel),F,muscle,17.55225 N,92.99859 W,Chordata,Actinopterygii,Cyprinodontiformes,Poeciliidae,GPS,Mexico,Pichucalco
MX13-132,Poecilia mexicana,MX13-132,Sulfur,adult,2013,Mexico: Pichucalco  - site Banos (hotel),F,muscle,17.55225 N,92.99859 W,Chordata,Actinopterygii,Cyprinodontiformes,Poeciliidae,GPS,Mexico,Pichucalco
MX13-135,Poecilia mexicana,MX13-135,Sulfur,adult,2013,Mexico: Pichucalco  - site Banos (hotel),M,muscle,17.55225 N,92.99859 W,Chordata,Actinopterygii,Cyprinodontiformes,Poeciliidae,GPS,Mexico,Pichucalco
MX13-137,Poecilia mexicana,MX13-137,Sulfur,adult,2013,Mexico: Pichucalco  - site Banos (hotel),F,muscle,17.55225 N,92.99859 W,Chordata,Actinopterygii,Cyprinodontiformes,Poeciliidae,GPS,Mexico,Pichucalco
MX13-138,Poecilia mexicana,MX13-138,Sulfur,adult,2013,Mexico: Pichucalco  - site Banos (hotel),F,muscle,17.55225 N,92.99859 W,Chordata,Actinopterygii,Cyprinodontiformes,Poeciliidae,GPS,Mexico,Pichucalco
MX13-139,Poecilia mexicana,MX13-139,Sulfur,adult,2013,Mexico: Pichucalco  - site Banos (hotel),F,muscle,17.55225 N,92.99859 W,Chordata,Actinopterygii,Cyprinodontiformes,Poeciliidae,GPS,Mexico,Pichucalco
MX13-140,Poecilia mexicana,MX13-140,Sulfur,adult,2013,Mexico: Pichucalco  - site Banos (hotel),F,muscle,17.55225 N,92.99859 W,Chordata,Actinopterygii,Cyprinodontiformes,Poeciliidae,GPS,Mexico,Pichucalco
MX13-142,Poecilia mexicana,MX13-142,Sulfur,adult,2013,Mexico: Pichucalco  - site Banos (hotel),F,muscle,17.55225 N,92.99859 W,Chordata,Actinopterygii,Cyprinodontiformes,Poeciliidae,GPS,Mexico,Pichucalco
MX13-144,Poecilia mexicana,MX13-144,Sulfur,adult,2013,Mexico: Pichucalco  - site Banos (hotel),M,muscle,17.55225 N,92.99859 W,Chordata,Actinopterygii,Cyprinodontiformes,Poeciliidae,GPS,Mexico,Pichucalco
MX13-146,Poecilia mexicana,MX13-146,Sulfur,adult,2013,Mexico: Pichucalco  - site Banos (hotel),F,muscle,17.55225 N,92.99859 W,Chordata,Actinopterygii,Cyprinodontiformes,Poeciliidae,GPS,Mexico,Pichucalco
MX13-148,Poecilia mexicana,MX13-148,Sulfur,adult,2013,Mexico: Pichucalco  - site Banos (hotel),M,muscle,17.55225 N,92.99859 W,Chordata,Actinopterygii,Cyprinodontiformes,Poeciliidae,GPS,Mexico,Pichucalco
MX13-149,Poecilia mexicana,MX13-149,Sulfur,adult,2013,Mexico: Pichucalco  - site Banos (hotel),M,muscle,17.55225 N,92.99859 W,Chordata,Actinopterygii,Cyprinodontiformes,Poeciliidae,GPS,Mexico,Pichucalco
MX13-150,Poecilia mexicana,MX13-150,Sulfur,adult,2013,Mexico: Pichucalco  - site Banos (hotel),M,muscle,17.55225 N,92.99859 W,Chordata,Actinopterygii,Cyprinodontiformes,Poeciliidae,GPS,Mexico,Pichucalco
MX13-152,Poecilia mexicana,MX13-152,Sulfur,adult,2013,Mexico: Puyacatengo  - site La Lluvia (small spring),F,muscle,17.463 N,92.895 W,Chordata,Actinopterygii,Cyprinodontiformes,Poeciliidae,GPS,Mexico,Puyacatengo
MX13-153,Poecilia mexicana,MX13-153,Sulfur,adult,2013,Mexico: Puyacatengo  - site La Lluvia (small spring),F,muscle,17.463 N,92.895 W,Chordata,Actinopterygii,Cyprinodontiformes,Poeciliidae,GPS,Mexico,Puyacatengo
MX13-155,Poecilia mexicana,MX13-155,Sulfur,adult,2013,Mexico: Puyacatengo  - site La Lluvia (small spring),F,muscle,17.463 N,92.895 W,Chordata,Actinopterygii,Cyprinodontiformes,Poeciliidae,GPS,Mexico,Puyacatengo
MX13-157,Poecilia mexicana,MX13-157,Sulfur,adult,2013,Mexico: Puyacatengo  - site La Lluvia (small spring),M,muscle,17.463 N,92.895 W,Chordata,Actinopterygii,Cyprinodontiformes,Poeciliidae,GPS,Mexico,Puyacatengo
MX13-158,Poecilia mexicana,MX13-158,Sulfur,adult,2013,Mexico: Puyacatengo  - site La Lluvia (small spring),M,muscle,17.463 N,92.895 W,Chordata,Actinopterygii,Cyprinodontiformes,Poeciliidae,GPS,Mexico,Puyacatengo
MX13-159,Poecilia mexicana,MX13-159,Sulfur,adult,2013,Mexico: Puyacatengo  - site La Lluvia (small spring),F,muscle,17.463 N,92.895 W,Chordata,Actinopterygii,Cyprinodontiformes,Poeciliidae,GPS,Mexico,Puyacatengo
MX13-160,Poecilia mexicana,MX13-160,Sulfur,adult,2013,Mexico: Puyacatengo  - site La Lluvia (small spring),F,muscle,17.463 N,92.895 W,Chordata,Actinopterygii,Cyprinodontiformes,Poeciliidae,GPS,Mexico,Puyacatengo
MX13-162,Poecilia mexicana,MX13-162,Sulfur,adult,2013,Mexico: Puyacatengo  - site La Lluvia (small spring),M,muscle,17.463 N,92.895 W,Chordata,Actinopterygii,Cyprinodontiformes,Poeciliidae,GPS,Mexico,Puyacatengo
MX13-163,Poecilia mexicana,MX13-163,Sulfur,adult,2013,Mexico: Puyacatengo  - site La Lluvia (small spring),F,muscle,17.463 N,92.895 W,Chordata,Actinopterygii,Cyprinodontiformes,Poeciliidae,GPS,Mexico,Puyacatengo
MX13-164,Poecilia mexicana,MX13-164,Sulfur,adult,2013,Mexico: Puyacatengo  - site La Lluvia (small spring),F,muscle,17.463 N,92.895 W,Chordata,Actinopterygii,Cyprinodontiformes,Poeciliidae,GPS,Mexico,Puyacatengo
MX13-165,Poecilia mexicana,MX13-165,Sulfur,adult,2013,Mexico: Puyacatengo  - site La Lluvia (small spring),F,muscle,17.463 N,92.895 W,Chordata,Actinopterygii,Cyprinodontiformes,Poeciliidae,GPS,Mexico,Puyacatengo
MX13-170,Poecilia mexicana,MX13-170,Sulfur,adult,2013,Mexico: Puyacatengo  - site La Lluvia (small spring),M,muscle,17.463 N,92.895 W,Chordata,Actinopterygii,Cyprinodontiformes,Poeciliidae,GPS,Mexico,Puyacatengo
MX13-172,Poecilia mexicana,MX13-172,Sulfur,adult,2013,Mexico: Puyacatengo  - site La Lluvia (small spring),F,muscle,17.463 N,92.895 W,Chordata,Actinopterygii,Cyprinodontiformes,Poeciliidae,GPS,Mexico,Puyacatengo
MX13-174,Poecilia mexicana,MX13-174,Sulfur,adult,2013,Mexico: Puyacatengo  - site La Lluvia (small spring),F,muscle,17.463 N,92.895 W,Chordata,Actinopterygii,Cyprinodontiformes,Poeciliidae,GPS,Mexico,Puyacatengo
MX13-176,Poecilia mexicana,MX13-176,Sulfur,adult,2013,Mexico: Puyacatengo  - site La Lluvia (small spring),M,muscle,17.463 N,92.895 W,Chordata,Actinopterygii,Cyprinodontiformes,Poeciliidae,GPS,Mexico,Puyacatengo
MX13-178,Poecilia mexicana,MX13-178,Sulfur,adult,2013,Mexico: Puyacatengo  - site La Lluvia (small spring),M,muscle,17.463 N,92.895 W,Chordata,Actinopterygii,Cyprinodontiformes,Poeciliidae,GPS,Mexico,Puyacatengo
MX13-182,Poecilia mexicana,MX13-182,Fresh,adult,2013,Mexico: Puyacatengo  - site Puyacatengo (Vincente Guerrero),M,muscle,17.51 N,92.914 W,Chordata,Actinopterygii,Cyprinodontiformes,Poeciliidae,GPS,Mexico,Puyacatengo
MX13-184,Poecilia mexicana,MX13-184,Fresh,adult,2013,Mexico: Puyacatengo  - site Puyacatengo (Vincente Guerrero),F,muscle,17.51 N,92.914 W,Chordata,Actinopterygii,Cyprinodontiformes,Poeciliidae,GPS,Mexico,Puyacatengo
MX13-185,Poecilia mexicana,MX13-185,Fresh,adult,2013,Mexico: Puyacatengo  - site Puyacatengo (Vincente Guerrero),F,muscle,17.51 N,92.914 W,Chordata,Actinopterygii,Cyprinodontiformes,Poeciliidae,GPS,Mexico,Puyacatengo
MX13-186,Poecilia mexicana,MX13-186,Fresh,adult,2013,Mexico: Puyacatengo  - site Puyacatengo (Vincente Guerrero),F,muscle,17.51 N,92.914 W,Chordata,Actinopterygii,Cyprinodontiformes,Poeciliidae,GPS,Mexico,Puyacatengo
MX13-187,Poecilia mexicana,MX13-187,Fresh,adult,2013,Mexico: Puyacatengo  - site Puyacatengo (Vincente Guerrero),M,muscle,17.51 N,92.914 W,Chordata,Actinopterygii,Cyprinodontiformes,Poeciliidae,GPS,Mexico,Puyacatengo
MX13-189,Poecilia mexicana,MX13-189,Fresh,adult,2013,Mexico: Puyacatengo  - site Puyacatengo (Vincente Guerrero),M,muscle,17.51 N,92.914 W,Chordata,Actinopterygii,Cyprinodontiformes,Poeciliidae,GPS,Mexico,Puyacatengo
MX13-191,Poecilia mexicana,MX13-191,Fresh,adult,2013,Mexico: Puyacatengo  - site Puyacatengo (Vincente Guerrero),F,muscle,17.51 N,92.914 W,Chordata,Actinopterygii,Cyprinodontiformes,Poeciliidae,GPS,Mexico,Puyacatengo
MX13-192,Poecilia mexicana,MX13-192,Fresh,adult,2013,Mexico: Puyacatengo  - site Puyacatengo (Vincente Guerrero),F,muscle,17.51 N,92.914 W,Chordata,Actinopterygii,Cyprinodontiformes,Poeciliidae,GPS,Mexico,Puyacatengo
MX13-193,Poecilia mexicana,MX13-193,Fresh,adult,2013,Mexico: Puyacatengo  - site Puyacatengo (Vincente Guerrero),F,muscle,17.51 N,92.914 W,Chordata,Actinopterygii,Cyprinodontiformes,Poeciliidae,GPS,Mexico,Puyacatengo
MX13-199,Poecilia mexicana,MX13-199,Fresh,adult,2013,Mexico: Puyacatengo  - site Puyacatengo (Vincente Guerrero),M,muscle,17.51 N,92.914 W,Chordata,Actinopterygii,Cyprinodontiformes,Poeciliidae,GPS,Mexico,Puyacatengo
MX13-200,Poecilia mexicana,MX13-200,Fresh,adult,2013,Mexico: Puyacatengo  - site Puyacatengo (Vincente Guerrero),F,muscle,17.51 N,92.914 W,Chordata,Actinopterygii,Cyprinodontiformes,Poeciliidae,GPS,Mexico,Puyacatengo
MX13-201,Poecilia mexicana,MX13-201,Fresh,adult,2013,Mexico: Puyacatengo  - site Puyacatengo (Vincente Guerrero),M,muscle,17.51 N,92.914 W,Chordata,Actinopterygii,Cyprinodontiformes,Poeciliidae,GPS,Mexico,Puyacatengo
MX13-202,Poecilia mexicana,MX13-202,Fresh,adult,2013,Mexico: Puyacatengo  - site Puyacatengo (Vincente Guerrero),F,muscle,17.51 N,92.914 W,Chordata,Actinopterygii,Cyprinodontiformes,Poeciliidae,GPS,Mexico,Puyacatengo
MX13-203,Poecilia mexicana,MX13-203,Fresh,adult,2013,Mexico: Puyacatengo  - site Puyacatengo (Vincente Guerrero),F,muscle,17.51 N,92.914 W,Chordata,Actinopterygii,Cyprinodontiformes,Poeciliidae,GPS,Mexico,Puyacatengo
MX13-205,Poecilia mexicana,MX13-205,Fresh,adult,2013,Mexico: Puyacatengo  - site Puyacatengo (Vincente Guerrero),F,muscle,17.51 N,92.914 W,Chordata,Actinopterygii,Cyprinodontiformes,Poeciliidae,GPS,Mexico,Puyacatengo
MX13-208,Poecilia mexicana,MX13-208,Fresh,adult,2013,Mexico: Puyacatengo  - site Puyacatengo (Vincente Guerrero),F,muscle,17.51 N,92.914 W,Chordata,Actinopterygii,Cyprinodontiformes,Poeciliidae,GPS,Mexico,Puyacatengo
MX13-212,Poecilia mexicana,MX13-212,Fresh,adult,2013,Mexico: Tacotalpa  - site Bonita,F,muscle,17.426 N,92.752 W,Chordata,Actinopterygii,Cyprinodontiformes,Poeciliidae,GPS,Mexico,Tacotalpa
MX13-213,Poecilia mexicana,MX13-213,Fresh,adult,2013,Mexico: Tacotalpa  - site Bonita,F,muscle,17.426 N,92.752 W,Chordata,Actinopterygii,Cyprinodontiformes,Poeciliidae,GPS,Mexico,Tacotalpa
MX13-218,Poecilia mexicana,MX13-218,Fresh,adult,2013,Mexico: Tacotalpa  - site Bonita,F,muscle,17.426 N,92.752 W,Chordata,Actinopterygii,Cyprinodontiformes,Poeciliidae,GPS,Mexico,Tacotalpa
MX13-219,Poecilia mexicana,MX13-219,Fresh,adult,2013,Mexico: Tacotalpa  - site Bonita,M,muscle,17.426 N,92.752 W,Chordata,Actinopterygii,Cyprinodontiformes,Poeciliidae,GPS,Mexico,Tacotalpa
MX13-220,Poecilia mexicana,MX13-220,Fresh,adult,2013,Mexico: Tacotalpa  - site Bonita,F,muscle,17.426 N,92.752 W,Chordata,Actinopterygii,Cyprinodontiformes,Poeciliidae,GPS,Mexico,Tacotalpa
MX13-223,Poecilia mexicana,MX13-223,Fresh,adult,2013,Mexico: Tacotalpa  - site Bonita,F,muscle,17.426 N,92.752 W,Chordata,Actinopterygii,Cyprinodontiformes,Poeciliidae,GPS,Mexico,Tacotalpa
MX13-224,Poecilia mexicana,MX13-224,Fresh,adult,2013,Mexico: Tacotalpa  - site Bonita,M,muscle,17.426 N,92.752 W,Chordata,Actinopterygii,Cyprinodontiformes,Poeciliidae,GPS,Mexico,Tacotalpa
MX13-226,Poecilia mexicana,MX13-226,Fresh,adult,2013,Mexico: Tacotalpa  - site Bonita,M,muscle,17.426 N,92.752 W,Chordata,Actinopterygii,Cyprinodontiformes,Poeciliidae,GPS,Mexico,Tacotalpa
MX13-228,Poecilia mexicana,MX13-228,Fresh,adult,2013,Mexico: Tacotalpa  - site Bonita,F,muscle,17.426 N,92.752 W,Chordata,Actinopterygii,Cyprinodontiformes,Poeciliidae,GPS,Mexico,Tacotalpa
MX13-229,Poecilia mexicana,MX13-229,Fresh,adult,2013,Mexico: Tacotalpa  - site Bonita,F,muscle,17.426 N,92.752 W,Chordata,Actinopterygii,Cyprinodontiformes,Poeciliidae,GPS,Mexico,Tacotalpa
MX13-232,Poecilia mexicana,MX13-232,Fresh,adult,2013,Mexico: Tacotalpa  - site Bonita,F,muscle,17.426 N,92.752 W,Chordata,Actinopterygii,Cyprinodontiformes,Poeciliidae,GPS,Mexico,Tacotalpa
MX13-233,Poecilia mexicana,MX13-233,Fresh,adult,2013,Mexico: Tacotalpa  - site Bonita,F,muscle,17.426 N,92.752 W,Chordata,Actinopterygii,Cyprinodontiformes,Poeciliidae,GPS,Mexico,Tacotalpa
MX13-235,Poecilia mexicana,MX13-235,Fresh,adult,2013,Mexico: Tacotalpa  - site Bonita,F,muscle,17.426 N,92.752 W,Chordata,Actinopterygii,Cyprinodontiformes,Poeciliidae,GPS,Mexico,Tacotalpa
MX13-237,Poecilia mexicana,MX13-237,Fresh,adult,2013,Mexico: Tacotalpa  - site Bonita,F,muscle,17.426 N,92.752 W,Chordata,Actinopterygii,Cyprinodontiformes,Poeciliidae,GPS,Mexico,Tacotalpa
MX13-238,Poecilia mexicana,MX13-238,Fresh,adult,2013,Mexico: Tacotalpa  - site Bonita,F,muscle,17.426 N,92.752 W,Chordata,Actinopterygii,Cyprinodontiformes,Poeciliidae,GPS,Mexico,Tacotalpa
MX13-239,Poecilia mexicana,MX13-239,Fresh,adult,2013,Mexico: Tacotalpa  - site Bonita,F,muscle,17.426 N,92.752 W,Chordata,Actinopterygii,Cyprinodontiformes,Poeciliidae,GPS,Mexico,Tacotalpa
MX13-241,Poecilia mexicana,MX13-241,Sulfur,adult,2013,Mexico: Ixtapangajoya  - site La Esperanza (big spring),F,muscle,17.511 N,92.98 W,Chordata,Actinopterygii,Cyprinodontiformes,Poeciliidae,GPS,Mexico,Ixtapangajoya
MX13-243,Poecilia mexicana,MX13-243,Sulfur,adult,2013,Mexico: Ixtapangajoya  - site La Esperanza (big spring),M,muscle,17.511 N,92.98 W,Chordata,Actinopterygii,Cyprinodontiformes,Poeciliidae,GPS,Mexico,Ixtapangajoya
MX13-245,Poecilia mexicana,MX13-245,Sulfur,adult,2013,Mexico: Ixtapangajoya  - site La Esperanza (big spring),F,muscle,17.511 N,92.98 W,Chordata,Actinopterygii,Cyprinodontiformes,Poeciliidae,GPS,Mexico,Ixtapangajoya
MX13-247,Poecilia mexicana,MX13-247,Sulfur,adult,2013,Mexico: Ixtapangajoya  - site La Esperanza (big spring),F,muscle,17.511 N,92.98 W,Chordata,Actinopterygii,Cyprinodontiformes,Poeciliidae,GPS,Mexico,Ixtapangajoya
MX13-248,Poecilia mexicana,MX13-248,Sulfur,adult,2013,Mexico: Ixtapangajoya  - site La Esperanza (big spring),M,muscle,17.511 N,92.98 W,Chordata,Actinopterygii,Cyprinodontiformes,Poeciliidae,GPS,Mexico,Ixtapangajoya
MX13-249,Poecilia mexicana,MX13-249,Sulfur,adult,2013,Mexico: Ixtapangajoya  - site La Esperanza (big spring),M,muscle,17.511 N,92.98 W,Chordata,Actinopterygii,Cyprinodontiformes,Poeciliidae,GPS,Mexico,Ixtapangajoya
MX13-251,Poecilia mexicana,MX13-251,Sulfur,adult,2013,Mexico: Ixtapangajoya  - site La Esperanza (big spring),F,muscle,17.511 N,92.98 W,Chordata,Actinopterygii,Cyprinodontiformes,Poeciliidae,GPS,Mexico,Ixtapangajoya
MX13-255,Poecilia mexicana,MX13-255,Sulfur,adult,2013,Mexico: Ixtapangajoya  - site La Esperanza (big spring),M,muscle,17.511 N,92.98 W,Chordata,Actinopterygii,Cyprinodontiformes,Poeciliidae,GPS,Mexico,Ixtapangajoya
MX13-256,Poecilia mexicana,MX13-256,Sulfur,adult,2013,Mexico: Ixtapangajoya  - site La Esperanza (big spring),M,muscle,17.511 N,92.98 W,Chordata,Actinopterygii,Cyprinodontiformes,Poeciliidae,GPS,Mexico,Ixtapangajoya
MX13-262,Poecilia mexicana,MX13-262,Sulfur,adult,2013,Mexico: Ixtapangajoya  - site La Esperanza (big spring),F,muscle,17.511 N,92.98 W,Chordata,Actinopterygii,Cyprinodontiformes,Poeciliidae,GPS,Mexico,Ixtapangajoya
MX13-264,Poecilia mexicana,MX13-264,Sulfur,adult,2013,Mexico: Ixtapangajoya  - site La Esperanza (big spring),M,muscle,17.511 N,92.98 W,Chordata,Actinopterygii,Cyprinodontiformes,Poeciliidae,GPS,Mexico,Ixtapangajoya
MX13-265,Poecilia mexicana,MX13-265,Sulfur,adult,2013,Mexico: Ixtapangajoya  - site La Esperanza (big spring),F,muscle,17.511 N,92.98 W,Chordata,Actinopterygii,Cyprinodontiformes,Poeciliidae,GPS,Mexico,Ixtapangajoya
MX13-266,Poecilia mexicana,MX13-266,Sulfur,adult,2013,Mexico: Ixtapangajoya  - site La Esperanza (big spring),F,muscle,17.511 N,92.98 W,Chordata,Actinopterygii,Cyprinodontiformes,Poeciliidae,GPS,Mexico,Ixtapangajoya
MX13-267,Poecilia mexicana,MX13-267,Sulfur,adult,2013,Mexico: Ixtapangajoya  - site La Esperanza (big spring),F,muscle,17.511 N,92.98 W,Chordata,Actinopterygii,Cyprinodontiformes,Poeciliidae,GPS,Mexico,Ixtapangajoya
MX13-268,Poecilia mexicana,MX13-268,Sulfur,adult,2013,Mexico: Ixtapangajoya  - site La Esperanza (big spring),F,muscle,17.511 N,92.98 W,Chordata,Actinopterygii,Cyprinodontiformes,Poeciliidae,GPS,Mexico,Ixtapangajoya
MX13-270,Poecilia mexicana,MX13-270,Sulfur,adult,2013,Mexico: Ixtapangajoya  - site La Esperanza (big spring),M,muscle,17.511 N,92.98 W,Chordata,Actinopterygii,Cyprinodontiformes,Poeciliidae,GPS,Mexico,Ixtapangajoya
MX13-272,Poecilia mexicana,MX13-272,Sulfur,adult,2013,Mexico: Tacotalpa  - site El Azufre I fish,M,muscle,17.442 N,92.774 W,Chordata,Actinopterygii,Cyprinodontiformes,Poeciliidae,GPS,Mexico,Tacotalpa
MX13-273,Poecilia mexicana,MX13-273,Sulfur,adult,2013,Mexico: Tacotalpa  - site El Azufre I fish,F,muscle,17.442 N,92.774 W,Chordata,Actinopterygii,Cyprinodontiformes,Poeciliidae,GPS,Mexico,Tacotalpa
MX13-274,Poecilia mexicana,MX13-274,Sulfur,adult,2013,Mexico: Tacotalpa  - site El Azufre I fish,M,muscle,17.442 N,92.774 W,Chordata,Actinopterygii,Cyprinodontiformes,Poeciliidae,GPS,Mexico,Tacotalpa
MX13-276,Poecilia mexicana,MX13-276,Sulfur,adult,2013,Mexico: Tacotalpa  - site El Azufre I fish,F,muscle,17.442 N,92.774 W,Chordata,Actinopterygii,Cyprinodontiformes,Poeciliidae,GPS,Mexico,Tacotalpa
MX13-279,Poecilia mexicana,MX13-279,Sulfur,adult,2013,Mexico: Tacotalpa  - site El Azufre I fish,M,muscle,17.442 N,92.774 W,Chordata,Actinopterygii,Cyprinodontiformes,Poeciliidae,GPS,Mexico,Tacotalpa
MX13-280,Poecilia mexicana,MX13-280,Sulfur,adult,2013,Mexico: Tacotalpa  - site El Azufre I fish,F,muscle,17.442 N,92.774 W,Chordata,Actinopterygii,Cyprinodontiformes,Poeciliidae,GPS,Mexico,Tacotalpa
MX13-281,Poecilia mexicana,MX13-281,Sulfur,adult,2013,Mexico: Tacotalpa  - site El Azufre I fish,F,muscle,17.442 N,92.774 W,Chordata,Actinopterygii,Cyprinodontiformes,Poeciliidae,GPS,Mexico,Tacotalpa
MX13-282,Poecilia mexicana,MX13-282,Sulfur,adult,2013,Mexico: Tacotalpa  - site El Azufre I fish,F,muscle,17.442 N,92.774 W,Chordata,Actinopterygii,Cyprinodontiformes,Poeciliidae,GPS,Mexico,Tacotalpa
MX13-284,Poecilia mexicana,MX13-284,Sulfur,adult,2013,Mexico: Tacotalpa  - site El Azufre I fish,F,muscle,17.442 N,92.774 W,Chordata,Actinopterygii,Cyprinodontiformes,Poeciliidae,GPS,Mexico,Tacotalpa
MX13-287,Poecilia mexicana,MX13-287,Sulfur,adult,2013,Mexico: Tacotalpa  - site El Azufre I fish,F,muscle,17.442 N,92.774 W,Chordata,Actinopterygii,Cyprinodontiformes,Poeciliidae,GPS,Mexico,Tacotalpa
MX13-289,Poecilia mexicana,MX13-289,Sulfur,adult,2013,Mexico: Tacotalpa  - site El Azufre I fish,F,muscle,17.442 N,92.774 W,Chordata,Actinopterygii,Cyprinodontiformes,Poeciliidae,GPS,Mexico,Tacotalpa
MX13-291,Poecilia mexicana,MX13-291,Sulfur,adult,2013,Mexico: Tacotalpa  - site El Azufre I fish,F,muscle,17.442 N,92.774 W,Chordata,Actinopterygii,Cyprinodontiformes,Poeciliidae,GPS,Mexico,Tacotalpa
MX13-292,Poecilia mexicana,MX13-292,Sulfur,adult,2013,Mexico: Tacotalpa  - site El Azufre I fish,F,muscle,17.442 N,92.774 W,Chordata,Actinopterygii,Cyprinodontiformes,Poeciliidae,GPS,Mexico,Tacotalpa
MX13-296,Poecilia mexicana,MX13-296,Sulfur,adult,2013,Mexico: Tacotalpa  - site El Azufre I fish,F,muscle,17.442 N,92.774 W,Chordata,Actinopterygii,Cyprinodontiformes,Poeciliidae,GPS,Mexico,Tacotalpa
MX13-298,Poecilia mexicana,MX13-298,Sulfur,adult,2013,Mexico: Tacotalpa  - site El Azufre I fish,F,muscle,17.442 N,92.774 W,Chordata,Actinopterygii,Cyprinodontiformes,Poeciliidae,GPS,Mexico,Tacotalpa
MX13-300,Poecilia mexicana,MX13-300,Sulfur,adult,2013,Mexico: Tacotalpa  - site El Azufre I fish,F,muscle,17.442 N,92.774 W,Chordata,Actinopterygii,Cyprinodontiformes,Poeciliidae,GPS,Mexico,Tacotalpa